This is pdfTeX, Version 3.141592653-2.6-1.40.28 (MiKTeX 25.12) (preloaded format=pdflatex 2026.6.9)  20 AUG 2026 14:40
entering extended mode
 restricted \write18 enabled.
 %&-line parsing enabled.
**./PFE_Report_STM32Cube_Pipeline.tex
(PFE_Report_STM32Cube_Pipeline.tex
LaTeX2e <2025-11-01>
L3 programming layer <2025-12-24>
(C:\Users\gharbiab\AppData\Local\Programs\MiKTeX\tex/latex/base\report.cls
Document Class: report 2025/01/22 v1.4n Standard LaTeX document class
(C:\Users\gharbiab\AppData\Local\Programs\MiKTeX\tex/latex/base\size12.clo
File: size12.clo 2025/01/22 v1.4n Standard LaTeX file (size option)
)
\c@part=\count275
\c@chapter=\count276
\c@section=\count277
\c@subsection=\count278
\c@subsubsection=\count279
\c@paragraph=\count280
\c@subparagraph=\count281
\c@figure=\count282
\c@table=\count283
\abovecaptionskip=\skip49
\belowcaptionskip=\skip50
\bibindent=\dimen148
)
(C:\Users\gharbiab\AppData\Local\Programs\MiKTeX\tex/latex/base\inputenc.sty
Package: inputenc 2024/02/08 v1.3d Input encoding file
\inpenc@prehook=\toks17
\inpenc@posthook=\toks18
)
(C:\Users\gharbiab\AppData\Local\Programs\MiKTeX\tex/latex/base\fontenc.sty
Package: fontenc 2025/07/18 v2.1d Standard LaTeX package
)
(C:\Users\gharbiab\AppData\Local\Programs\MiKTeX\tex/generic/babel\babel.sty
Package: babel 2025/12/11 v25.17 The multilingual framework for LuaLaTeX, pdfLa
TeX and XeLaTeX
\babel@savecnt=\count284
LaTeX Encoding Info:    Redeclaring text command \ij (encoding OT1) on input li
ne 2068.
LaTeX Encoding Info:    Redeclaring text command \IJ (encoding OT1) on input li
ne 2070.
LaTeX Encoding Info:    Redeclaring text command \ij (encoding T1) on input lin
e 2072.
LaTeX Encoding Info:    Redeclaring text command \IJ (encoding T1) on input lin
e 2073.
LaTeX Encoding Info:    Ignoring declaration for text command \ij (encoding ?) 
on input line 2074.
LaTeX Encoding Info:    Ignoring declaration for text command \IJ (encoding ?) 
on input line 2076.
LaTeX Encoding Info:    Ignoring declaration for text command \SS (encoding ?) 
on input line 2101.
\U@D=\dimen149
\l@unhyphenated=\language79

(C:\Users\gharbiab\AppData\Local\Programs\MiKTeX\tex/generic/babel\txtbabel.def
)
\bbl@readstream=\read2
\bbl@dirlevel=\count285
Package babel Info: Configuration files are deprecated, as
(babel)             they can break document portability.
(babel)             Reported on input line 4196.

*************************************
* Local config file bblopts.cfg used
*
(C:\Users\gharbiab\AppData\Local\Programs\MiKTeX\tex/latex/arabi\bblopts.cfg
File: bblopts.cfg 2005/09/08 v0.1 add Arabic and Farsi to "declared" options of
 babel
)
(C:\Users\gharbiab\AppData\Local\Programs\MiKTeX\tex/generic/babel/locale/fr\ba
bel-french.tex)
Package babel Info: Importing font and identification data for french
(babel)             from babel-fr.ini. Reported on input line 4320.

(C:\Users\gharbiab\AppData\Local\Programs\MiKTeX\tex/generic/babel-french\frenc
h.ldf
Language: french 2025-08-15 v4.0e French support from the babel system

(C:\Users\gharbiab\AppData\Local\Programs\MiKTeX\tex/generic/babel-french\frenc
h3.ldf
Language: french 2025-08-15 v3.7e French support from the babel system
\FB@stdchar=\count286
Package babel Info: Making : an active character on input line 273.
Package babel Info: Making ; an active character on input line 274.
Package babel Info: Making ! an active character on input line 275.
Package babel Info: Making ? an active character on input line 276.
\FBguill@level=\count287
\FBold@everypar=\toks19
\FB@Mht=\dimen150
\mc@charclass=\count288
\mc@charfam=\count289
\mc@charslot=\count290
\std@mcc=\count291
\dec@mcc=\count292
\FB@pardim=\dimen151
\listindentFB=\dimen152
\descindentFB=\dimen153
\labelindentFB=\dimen154
\labelwidthFB=\dimen155
\leftmarginFB=\dimen156
\parindentFFN=\dimen157
\FBfnindent=\dimen158
)))
(C:\Users\gharbiab\AppData\Local\Programs\MiKTeX\tex/latex/carlisle\scalefnt.st
y)
(C:\Users\gharbiab\AppData\Local\Programs\MiKTeX\tex/latex/geometry\geometry.st
y
Package: geometry 2026/03/07 v6.0 Page Geometry

(C:\Users\gharbiab\AppData\Local\Programs\MiKTeX\tex/latex/graphics\keyval.sty
Package: keyval 2022/05/29 v1.15 key=value parser (DPC)
\KV@toks@=\toks20
) (C:\Users\gharbiab\AppData\Local\Programs\MiKTeX\tex/generic/iftex\ifvtex.sty
Package: ifvtex 2019/10/25 v1.7 ifvtex legacy package. Use iftex instead.

(C:\Users\gharbiab\AppData\Local\Programs\MiKTeX\tex/generic/iftex\iftex.sty
Package: iftex 2024/12/12 v1.0g TeX engine tests
))
\Gm@cnth=\count293
\Gm@cntv=\count294
\c@Gm@tempcnt=\count295
\Gm@bindingoffset=\dimen159
\Gm@wd@mp=\dimen160
\Gm@odd@mp=\dimen161
\Gm@even@mp=\dimen162
\Gm@layoutwidth=\dimen163
\Gm@layoutheight=\dimen164
\Gm@layouthoffset=\dimen165
\Gm@layoutvoffset=\dimen166
\Gm@dimlist=\toks21

(C:\Users\gharbiab\AppData\Local\Programs\MiKTeX\tex/latex/geometry\geometry.cf
g))
(C:\Users\gharbiab\AppData\Local\Programs\MiKTeX\tex/latex/graphics\graphicx.st
y
Package: graphicx 2024/12/31 v1.2e Enhanced LaTeX Graphics (DPC,SPQR)

(C:\Users\gharbiab\AppData\Local\Programs\MiKTeX\tex/latex/graphics\graphics.st
y
Package: graphics 2024/08/06 v1.4g Standard LaTeX Graphics (DPC,SPQR)
 (C:\Users\gharbiab\AppData\Local\Programs\MiKTeX\tex/latex/graphics\trig.sty
Package: trig 2023/12/02 v1.11 sin cos tan (DPC)
)
(C:\Users\gharbiab\AppData\Local\Programs\MiKTeX\tex/latex/graphics-cfg\graphic
s.cfg
File: graphics.cfg 2016/06/04 v1.11 sample graphics configuration
)
Package graphics Info: Driver file: pdftex.def on input line 106.

(C:\Users\gharbiab\AppData\Local\Programs\MiKTeX\tex/latex/graphics-def\pdftex.
def
File: pdftex.def 2025/09/29 v1.2d Graphics/color driver for pdftex
))
\Gin@req@height=\dimen167
\Gin@req@width=\dimen168
)
(C:\Users\gharbiab\AppData\Local\Programs\MiKTeX\tex/latex/hyperref\hyperref.st
y
Package: hyperref 2025-07-12 v7.01o Hypertext links for LaTeX

(C:\Users\gharbiab\AppData\Local\Programs\MiKTeX\tex/latex/kvsetkeys\kvsetkeys.
sty
Package: kvsetkeys 2022-10-05 v1.19 Key value parser (HO)
)
(C:\Users\gharbiab\AppData\Local\Programs\MiKTeX\tex/generic/kvdefinekeys\kvdef
inekeys.sty
Package: kvdefinekeys 2019-12-19 v1.6 Define keys (HO)
)
(C:\Users\gharbiab\AppData\Local\Programs\MiKTeX\tex/generic/pdfescape\pdfescap
e.sty
Package: pdfescape 2019/12/09 v1.15 Implements pdfTeX's escape features (HO)

(C:\Users\gharbiab\AppData\Local\Programs\MiKTeX\tex/generic/ltxcmds\ltxcmds.st
y
Package: ltxcmds 2023-12-04 v1.26 LaTeX kernel commands for general use (HO)
)
(C:\Users\gharbiab\AppData\Local\Programs\MiKTeX\tex/generic/pdftexcmds\pdftexc
mds.sty
Package: pdftexcmds 2020-06-27 v0.33 Utility functions of pdfTeX for LuaTeX (HO
)

(C:\Users\gharbiab\AppData\Local\Programs\MiKTeX\tex/generic/infwarerr\infwarer
r.sty
Package: infwarerr 2019/12/03 v1.5 Providing info/warning/error messages (HO)
)
Package pdftexcmds Info: \pdf@primitive is available.
Package pdftexcmds Info: \pdf@ifprimitive is available.
Package pdftexcmds Info: \pdfdraftmode found.
))
(C:\Users\gharbiab\AppData\Local\Programs\MiKTeX\tex/latex/hycolor\hycolor.sty
Package: hycolor 2020-01-27 v1.10 Color options for hyperref/bookmark (HO)
)
(C:\Users\gharbiab\AppData\Local\Programs\MiKTeX\tex/latex/hyperref\nameref.sty
Package: nameref 2025-06-21 v2.57 Cross-referencing by name of section

(C:\Users\gharbiab\AppData\Local\Programs\MiKTeX\tex/latex/refcount\refcount.st
y
Package: refcount 2019/12/15 v3.6 Data extraction from label references (HO)
)
(C:\Users\gharbiab\AppData\Local\Programs\MiKTeX\tex/generic/gettitlestring\get
titlestring.sty
Package: gettitlestring 2019/12/15 v1.6 Cleanup title references (HO)

(C:\Users\gharbiab\AppData\Local\Programs\MiKTeX\tex/latex/kvoptions\kvoptions.
sty
Package: kvoptions 2022-06-15 v3.15 Key value format for package options (HO)
))
\c@section@level=\count296
)
(C:\Users\gharbiab\AppData\Local\Programs\MiKTeX\tex/latex/etoolbox\etoolbox.st
y
Package: etoolbox 2025/10/02 v2.5m e-TeX tools for LaTeX (JAW)
\etb@tempcnta=\count297
)
(C:\Users\gharbiab\AppData\Local\Programs\MiKTeX\tex/generic/stringenc\stringen
c.sty
Package: stringenc 2019/11/29 v1.12 Convert strings between diff. encodings (HO
)
)
\@linkdim=\dimen169
\Hy@linkcounter=\count298
\Hy@pagecounter=\count299

(C:\Users\gharbiab\AppData\Local\Programs\MiKTeX\tex/latex/hyperref\pd1enc.def
File: pd1enc.def 2025-07-12 v7.01o Hyperref: PDFDocEncoding definition (HO)
Now handling font encoding PD1 ...
... no UTF-8 mapping file for font encoding PD1
)
(C:\Users\gharbiab\AppData\Local\Programs\MiKTeX\tex/generic/intcalc\intcalc.st
y
Package: intcalc 2019/12/15 v1.3 Expandable calculations with integers (HO)
)
\Hy@SavedSpaceFactor=\count300

(C:\Users\gharbiab\AppData\Local\Programs\MiKTeX\tex/latex/hyperref\puenc.def
File: puenc.def 2025-07-12 v7.01o Hyperref: PDF Unicode definition (HO)
Now handling font encoding PU ...
... no UTF-8 mapping file for font encoding PU
)
Package hyperref Info: Hyper figures OFF on input line 4195.
Package hyperref Info: Link nesting OFF on input line 4200.
Package hyperref Info: Hyper index ON on input line 4203.
Package hyperref Info: Plain pages OFF on input line 4210.
Package hyperref Info: Backreferencing OFF on input line 4215.
Package hyperref Info: Implicit mode ON; LaTeX internals redefined.
Package hyperref Info: Bookmarks ON on input line 4462.
\c@Hy@tempcnt=\count301

(C:\Users\gharbiab\AppData\Local\Programs\MiKTeX\tex/latex/url\url.sty
\Urlmuskip=\muskip17
Package: url 2013/09/16  ver 3.4  Verb mode for urls, etc.
)
LaTeX Info: Redefining \url on input line 4801.
\XeTeXLinkMargin=\dimen170

(C:\Users\gharbiab\AppData\Local\Programs\MiKTeX\tex/generic/bitset\bitset.sty
Package: bitset 2019/12/09 v1.3 Handle bit-vector datatype (HO)

(C:\Users\gharbiab\AppData\Local\Programs\MiKTeX\tex/generic/bigintcalc\bigintc
alc.sty
Package: bigintcalc 2019/12/15 v1.5 Expandable calculations on big integers (HO
)
))
\Fld@menulength=\count302
\Field@Width=\dimen171
\Fld@charsize=\dimen172
Package hyperref Info: Hyper figures OFF on input line 6078.
Package hyperref Info: Link nesting OFF on input line 6083.
Package hyperref Info: Hyper index ON on input line 6086.
Package hyperref Info: backreferencing OFF on input line 6093.
Package hyperref Info: Link coloring OFF on input line 6098.
Package hyperref Info: Link coloring with OCG OFF on input line 6103.
Package hyperref Info: PDF/A mode OFF on input line 6108.
\Hy@abspage=\count303
\c@Item=\count304
\c@Hfootnote=\count305
)
Package hyperref Info: Driver (autodetected): hpdftex.

(C:\Users\gharbiab\AppData\Local\Programs\MiKTeX\tex/latex/hyperref\hpdftex.def
File: hpdftex.def 2025-07-12 v7.01o Hyperref driver for pdfTeX
\Fld@listcount=\count306
\c@bookmark@seq@number=\count307

(C:\Users\gharbiab\AppData\Local\Programs\MiKTeX\tex/latex/rerunfilecheck\rerun
filecheck.sty
Package: rerunfilecheck 2025-06-21 v1.11 Rerun checks for auxiliary files (HO)

(C:\Users\gharbiab\AppData\Local\Programs\MiKTeX\tex/generic/uniquecounter\uniq
uecounter.sty
Package: uniquecounter 2019/12/15 v1.4 Provide unlimited unique counter (HO)
)
Package uniquecounter Info: New unique counter `rerunfilecheck' on input line 2
84.
)
\Hy@SectionHShift=\skip51
)
(C:\Users\gharbiab\AppData\Local\Programs\MiKTeX\tex/latex/listings\listings.st
y
\lst@mode=\count308
\lst@gtempboxa=\box53
\lst@token=\toks22
\lst@length=\count309
\lst@currlwidth=\dimen173
\lst@column=\count310
\lst@pos=\count311
\lst@lostspace=\dimen174
\lst@width=\dimen175
\lst@newlines=\count312
\lst@lineno=\count313
\lst@maxwidth=\dimen176

(C:\Users\gharbiab\AppData\Local\Programs\MiKTeX\tex/latex/listings\lstpatch.st
y
File: lstpatch.sty 2025/11/14 1.11b (Carsten Heinz)
)
(C:\Users\gharbiab\AppData\Local\Programs\MiKTeX\tex/latex/listings\lstmisc.sty
File: lstmisc.sty 2025/11/14 1.11b (Carsten Heinz)
\c@lstnumber=\count314
\lst@skipnumbers=\count315
\lst@framebox=\box54
)
(C:\Users\gharbiab\AppData\Local\Programs\MiKTeX\tex/latex/listings\listings.cf
g
File: listings.cfg 2025/11/14 1.11b listings configuration
))
Package: listings 2025/11/14 1.11b (Carsten Heinz)

==> First Aid for listings.sty no longer applied!
    Expected:
        2024/09/23 1.10c (Carsten Heinz)
    but found:
        2025/11/14 1.11b (Carsten Heinz)
    so I'm assuming it got fixed.
(C:\Users\gharbiab\AppData\Local\Programs\MiKTeX\tex/latex/xcolor\xcolor.sty
Package: xcolor 2024/09/29 v3.02 LaTeX color extensions (UK)

(C:\Users\gharbiab\AppData\Local\Programs\MiKTeX\tex/latex/graphics-cfg\color.c
fg
File: color.cfg 2016/01/02 v1.6 sample color configuration
)
Package xcolor Info: Driver file: pdftex.def on input line 274.

(C:\Users\gharbiab\AppData\Local\Programs\MiKTeX\tex/latex/graphics\mathcolor.l
tx)
Package xcolor Info: Model `cmy' substituted by `cmy0' on input line 1349.
Package xcolor Info: Model `hsb' substituted by `rgb' on input line 1353.
Package xcolor Info: Model `RGB' extended on input line 1365.
Package xcolor Info: Model `HTML' substituted by `rgb' on input line 1367.
Package xcolor Info: Model `Hsb' substituted by `hsb' on input line 1368.
Package xcolor Info: Model `tHsb' substituted by `hsb' on input line 1369.
Package xcolor Info: Model `HSB' substituted by `hsb' on input line 1370.
Package xcolor Info: Model `Gray' substituted by `gray' on input line 1371.
Package xcolor Info: Model `wave' substituted by `hsb' on input line 1372.
)
(C:\Users\gharbiab\AppData\Local\Programs\MiKTeX\tex/latex/booktabs\booktabs.st
y
Package: booktabs 2020/01/12 v1.61803398 Publication quality tables
\heavyrulewidth=\dimen177
\lightrulewidth=\dimen178
\cmidrulewidth=\dimen179
\belowrulesep=\dimen180
\belowbottomsep=\dimen181
\aboverulesep=\dimen182
\abovetopsep=\dimen183
\cmidrulesep=\dimen184
\cmidrulekern=\dimen185
\defaultaddspace=\dimen186
\@cmidla=\count316
\@cmidlb=\count317
\@aboverulesep=\dimen187
\@belowrulesep=\dimen188
\@thisruleclass=\count318
\@lastruleclass=\count319
\@thisrulewidth=\dimen189
)
(C:\Users\gharbiab\AppData\Local\Programs\MiKTeX\tex/latex/tools\longtable.sty
Package: longtable 2025-10-13 v4.24 Multi-page Table package (DPC)
\LTleft=\skip52
\LTright=\skip53
\LTpre=\skip54
\LTpost=\skip55
\LTchunksize=\count320
\LTcapwidth=\dimen190
\LT@head=\box55
\LT@firsthead=\box56
\LT@foot=\box57
\LT@lastfoot=\box58
\LT@gbox=\box59
\LT@cols=\count321
\LT@rows=\count322
\c@LT@tables=\count323
\c@LT@chunks=\count324
\LT@p@ftn=\toks23
) (C:\Users\gharbiab\AppData\Local\Programs\MiKTeX\tex/latex/float\float.sty
Package: float 2001/11/08 v1.3d Float enhancements (AL)
\c@float@type=\count325
\float@exts=\toks24
\float@box=\box60
\@float@everytoks=\toks25
\@floatcapt=\box61
)
(C:\Users\gharbiab\AppData\Local\Programs\MiKTeX\tex/latex/fancyhdr\fancyhdr.st
y
Package: fancyhdr 2025/02/07 v5.2 Extensive control of page headers and footers

\f@nch@headwidth=\skip56
\f@nch@offset@elh=\skip57
\f@nch@offset@erh=\skip58
\f@nch@offset@olh=\skip59
\f@nch@offset@orh=\skip60
\f@nch@offset@elf=\skip61
\f@nch@offset@erf=\skip62
\f@nch@offset@olf=\skip63
\f@nch@offset@orf=\skip64
\f@nch@height=\skip65
\f@nch@footalignment=\skip66
\f@nch@widthL=\skip67
\f@nch@widthC=\skip68
\f@nch@widthR=\skip69
\@temptokenb=\toks26
)
(C:\Users\gharbiab\AppData\Local\Programs\MiKTeX\tex/latex/titlesec\titlesec.st
y
Package: titlesec 2025/01/04 v2.17 Sectioning titles
\ttl@box=\box62
\beforetitleunit=\skip70
\aftertitleunit=\skip71
\ttl@plus=\dimen191
\ttl@minus=\dimen192
\ttl@toksa=\toks27
\titlewidth=\dimen193
\titlewidthlast=\dimen194
\titlewidthfirst=\dimen195
)
(C:\Users\gharbiab\AppData\Local\Programs\MiKTeX\tex/latex/tocloft\tocloft.sty
Package: tocloft 2017/08/31 v2.3i parameterised ToC, etc., typesetting
Package tocloft Info: The document has chapter divisions on input line 51.
\cftparskip=\skip72
\cftbeforetoctitleskip=\skip73
\cftaftertoctitleskip=\skip74
\cftbeforepartskip=\skip75
\cftpartnumwidth=\skip76
\cftpartindent=\skip77
\cftbeforechapskip=\skip78
\cftchapindent=\skip79
\cftchapnumwidth=\skip80
\cftbeforesecskip=\skip81
\cftsecindent=\skip82
\cftsecnumwidth=\skip83
\cftbeforesubsecskip=\skip84
\cftsubsecindent=\skip85
\cftsubsecnumwidth=\skip86
\cftbeforesubsubsecskip=\skip87
\cftsubsubsecindent=\skip88
\cftsubsubsecnumwidth=\skip89
\cftbeforeparaskip=\skip90
\cftparaindent=\skip91
\cftparanumwidth=\skip92
\cftbeforesubparaskip=\skip93
\cftsubparaindent=\skip94
\cftsubparanumwidth=\skip95
\cftbeforeloftitleskip=\skip96
\cftafterloftitleskip=\skip97
\cftbeforefigskip=\skip98
\cftfigindent=\skip99
\cftfignumwidth=\skip100
\c@lofdepth=\count326
\c@lotdepth=\count327
\cftbeforelottitleskip=\skip101
\cftafterlottitleskip=\skip102
\cftbeforetabskip=\skip103
\cfttabindent=\skip104
\cfttabnumwidth=\skip105
)
(C:\Users\gharbiab\AppData\Local\Programs\MiKTeX\tex/latex/enumitem\enumitem.st
y
Package: enumitem 2025/02/06 v3.11 Customized lists
\labelindent=\skip106
\enit@outerparindent=\dimen196
\enit@toks=\toks28
\enit@inbox=\box63
\enit@count@id=\count328
\enitdp@description=\count329
)
(C:\Users\gharbiab\AppData\Local\Programs\MiKTeX\tex/latex/amsmath\amsmath.sty
Package: amsmath 2025/07/09 v2.17z AMS math features
\@mathmargin=\skip107

For additional information on amsmath, use the `?' option.
(C:\Users\gharbiab\AppData\Local\Programs\MiKTeX\tex/latex/amsmath\amstext.sty
Package: amstext 2024/11/17 v2.01 AMS text

(C:\Users\gharbiab\AppData\Local\Programs\MiKTeX\tex/latex/amsmath\amsgen.sty
File: amsgen.sty 1999/11/30 v2.0 generic functions
\@emptytoks=\toks29
\ex@=\dimen197
)) (C:\Users\gharbiab\AppData\Local\Programs\MiKTeX\tex/latex/amsmath\amsbsy.st
y
Package: amsbsy 1999/11/29 v1.2d Bold Symbols
\pmbraise@=\dimen198
) (C:\Users\gharbiab\AppData\Local\Programs\MiKTeX\tex/latex/amsmath\amsopn.sty
Package: amsopn 2022/04/08 v2.04 operator names
)
\inf@bad=\count330
LaTeX Info: Redefining \frac on input line 233.
\uproot@=\count331
\leftroot@=\count332
LaTeX Info: Redefining \overline on input line 398.
LaTeX Info: Redefining \colon on input line 409.
\classnum@=\count333
\DOTSCASE@=\count334
LaTeX Info: Redefining \ldots on input line 495.
LaTeX Info: Redefining \dots on input line 498.
LaTeX Info: Redefining \cdots on input line 619.
\Mathstrutbox@=\box64
\strutbox@=\box65
LaTeX Info: Redefining \big on input line 721.
LaTeX Info: Redefining \Big on input line 722.
LaTeX Info: Redefining \bigg on input line 723.
LaTeX Info: Redefining \Bigg on input line 724.
\big@size=\dimen199
LaTeX Font Info:    Redeclaring font encoding OML on input line 742.
LaTeX Font Info:    Redeclaring font encoding OMS on input line 743.
\macc@depth=\count335
LaTeX Info: Redefining \bmod on input line 904.
LaTeX Info: Redefining \pmod on input line 909.
LaTeX Info: Redefining \smash on input line 939.
LaTeX Info: Redefining \relbar on input line 969.
LaTeX Info: Redefining \Relbar on input line 970.
\c@MaxMatrixCols=\count336
\dotsspace@=\muskip18
\c@parentequation=\count337
\dspbrk@lvl=\count338
\tag@help=\toks30
\row@=\count339
\column@=\count340
\maxfields@=\count341
\andhelp@=\toks31
\eqnshift@=\dimen256
\alignsep@=\dimen257
\tagshift@=\dimen258
\tagwidth@=\dimen259
\totwidth@=\dimen260
\lineht@=\dimen261
\@envbody=\toks32
\multlinegap=\skip108
\multlinetaggap=\skip109
\mathdisplay@stack=\toks33
LaTeX Info: Redefining \[ on input line 2950.
LaTeX Info: Redefining \] on input line 2951.
)
(C:\Users\gharbiab\AppData\Local\Programs\MiKTeX\tex/latex/amsfonts\amssymb.sty
Package: amssymb 2013/01/14 v3.01 AMS font symbols

(C:\Users\gharbiab\AppData\Local\Programs\MiKTeX\tex/latex/amsfonts\amsfonts.st
y
Package: amsfonts 2013/01/14 v3.01 Basic AMSFonts support
\symAMSa=\mathgroup4
\symAMSb=\mathgroup5
LaTeX Font Info:    Redeclaring math symbol \hbar on input line 98.
LaTeX Font Info:    Overwriting math alphabet `\mathfrak' in version `bold'
(Font)                  U/euf/m/n --> U/euf/b/n on input line 106.
))
(C:\Users\gharbiab\AppData\Local\Programs\MiKTeX\tex/latex/pgf/frontendlayer\ti
kz.sty
(C:\Users\gharbiab\AppData\Local\Programs\MiKTeX\tex/latex/pgf/basiclayer\pgf.s
ty
(C:\Users\gharbiab\AppData\Local\Programs\MiKTeX\tex/latex/pgf/utilities\pgfrcs
.sty
(C:\Users\gharbiab\AppData\Local\Programs\MiKTeX\tex/generic/pgf/utilities\pgfu
til-common.tex
\pgfutil@everybye=\toks34
\pgfutil@tempdima=\dimen262
\pgfutil@tempdimb=\dimen263
)
(C:\Users\gharbiab\AppData\Local\Programs\MiKTeX\tex/generic/pgf/utilities\pgfu
til-latex.def
\pgfutil@abb=\box66
)
(C:\Users\gharbiab\AppData\Local\Programs\MiKTeX\tex/generic/pgf/utilities\pgfr
cs.code.tex
(C:\Users\gharbiab\AppData\Local\Programs\MiKTeX\tex/generic/pgf\pgf.revision.t
ex)
Package: pgfrcs 2025-08-29 v3.1.11a (3.1.11a)
))
Package: pgf 2025-08-29 v3.1.11a (3.1.11a)

(C:\Users\gharbiab\AppData\Local\Programs\MiKTeX\tex/latex/pgf/basiclayer\pgfco
re.sty
(C:\Users\gharbiab\AppData\Local\Programs\MiKTeX\tex/latex/pgf/systemlayer\pgfs
ys.sty
(C:\Users\gharbiab\AppData\Local\Programs\MiKTeX\tex/generic/pgf/systemlayer\pg
fsys.code.tex
Package: pgfsys 2025-08-29 v3.1.11a (3.1.11a)

(C:\Users\gharbiab\AppData\Local\Programs\MiKTeX\tex/generic/pgf/utilities\pgfk
eys.code.tex
\pgfkeys@pathtoks=\toks35
\pgfkeys@temptoks=\toks36

(C:\Users\gharbiab\AppData\Local\Programs\MiKTeX\tex/generic/pgf/utilities\pgfk
eyslibraryfiltered.code.tex
\pgfkeys@tmptoks=\toks37
))
\pgf@x=\dimen264
\pgf@y=\dimen265
\pgf@xa=\dimen266
\pgf@ya=\dimen267
\pgf@xb=\dimen268
\pgf@yb=\dimen269
\pgf@xc=\dimen270
\pgf@yc=\dimen271
\pgf@xd=\dimen272
\pgf@yd=\dimen273
\w@pgf@writea=\write3
\r@pgf@reada=\read3
\c@pgf@counta=\count342
\c@pgf@countb=\count343
\c@pgf@countc=\count344
\c@pgf@countd=\count345
\t@pgf@toka=\toks38
\t@pgf@tokb=\toks39
\t@pgf@tokc=\toks40
\pgf@sys@id@count=\count346

(C:\Users\gharbiab\AppData\Local\Programs\MiKTeX\tex/generic/pgf/systemlayer\pg
f.cfg
File: pgf.cfg 2025-08-29 v3.1.11a (3.1.11a)
)
Driver file for pgf: pgfsys-pdftex.def

(C:\Users\gharbiab\AppData\Local\Programs\MiKTeX\tex/generic/pgf/systemlayer\pg
fsys-pdftex.def
File: pgfsys-pdftex.def 2025-08-29 v3.1.11a (3.1.11a)

(C:\Users\gharbiab\AppData\Local\Programs\MiKTeX\tex/generic/pgf/systemlayer\pg
fsys-common-pdf.def
File: pgfsys-common-pdf.def 2025-08-29 v3.1.11a (3.1.11a)
)))
(C:\Users\gharbiab\AppData\Local\Programs\MiKTeX\tex/generic/pgf/systemlayer\pg
fsyssoftpath.code.tex
File: pgfsyssoftpath.code.tex 2025-08-29 v3.1.11a (3.1.11a)
\pgfsyssoftpath@smallbuffer@items=\count347
\pgfsyssoftpath@bigbuffer@items=\count348
)
(C:\Users\gharbiab\AppData\Local\Programs\MiKTeX\tex/generic/pgf/systemlayer\pg
fsysprotocol.code.tex
File: pgfsysprotocol.code.tex 2025-08-29 v3.1.11a (3.1.11a)
))
(C:\Users\gharbiab\AppData\Local\Programs\MiKTeX\tex/generic/pgf/basiclayer\pgf
core.code.tex
Package: pgfcore 2025-08-29 v3.1.11a (3.1.11a)

(C:\Users\gharbiab\AppData\Local\Programs\MiKTeX\tex/generic/pgf/math\pgfmath.c
ode.tex
(C:\Users\gharbiab\AppData\Local\Programs\MiKTeX\tex/generic/pgf/math\pgfmathut
il.code.tex)
(C:\Users\gharbiab\AppData\Local\Programs\MiKTeX\tex/generic/pgf/math\pgfmathpa
rser.code.tex
\pgfmath@dimen=\dimen274
\pgfmath@count=\count349
\pgfmath@box=\box67
\pgfmath@toks=\toks41
\pgfmath@stack@operand=\toks42
\pgfmath@stack@operation=\toks43
)
(C:\Users\gharbiab\AppData\Local\Programs\MiKTeX\tex/generic/pgf/math\pgfmathfu
nctions.code.tex)
(C:\Users\gharbiab\AppData\Local\Programs\MiKTeX\tex/generic/pgf/math\pgfmathfu
nctions.basic.code.tex)
(C:\Users\gharbiab\AppData\Local\Programs\MiKTeX\tex/generic/pgf/math\pgfmathfu
nctions.trigonometric.code.tex)
(C:\Users\gharbiab\AppData\Local\Programs\MiKTeX\tex/generic/pgf/math\pgfmathfu
nctions.random.code.tex)
(C:\Users\gharbiab\AppData\Local\Programs\MiKTeX\tex/generic/pgf/math\pgfmathfu
nctions.comparison.code.tex)
(C:\Users\gharbiab\AppData\Local\Programs\MiKTeX\tex/generic/pgf/math\pgfmathfu
nctions.base.code.tex)
(C:\Users\gharbiab\AppData\Local\Programs\MiKTeX\tex/generic/pgf/math\pgfmathfu
nctions.round.code.tex)
(C:\Users\gharbiab\AppData\Local\Programs\MiKTeX\tex/generic/pgf/math\pgfmathfu
nctions.misc.code.tex)
(C:\Users\gharbiab\AppData\Local\Programs\MiKTeX\tex/generic/pgf/math\pgfmathfu
nctions.integerarithmetics.code.tex)
(C:\Users\gharbiab\AppData\Local\Programs\MiKTeX\tex/generic/pgf/math\pgfmathca
lc.code.tex)
(C:\Users\gharbiab\AppData\Local\Programs\MiKTeX\tex/generic/pgf/math\pgfmathfl
oat.code.tex
\c@pgfmathroundto@lastzeros=\count350
))
(C:\Users\gharbiab\AppData\Local\Programs\MiKTeX\tex/generic/pgf/math\pgfint.co
de.tex)
(C:\Users\gharbiab\AppData\Local\Programs\MiKTeX\tex/generic/pgf/basiclayer\pgf
corepoints.code.tex
File: pgfcorepoints.code.tex 2025-08-29 v3.1.11a (3.1.11a)
\pgf@picminx=\dimen275
\pgf@picmaxx=\dimen276
\pgf@picminy=\dimen277
\pgf@picmaxy=\dimen278
\pgf@pathminx=\dimen279
\pgf@pathmaxx=\dimen280
\pgf@pathminy=\dimen281
\pgf@pathmaxy=\dimen282
\pgf@xx=\dimen283
\pgf@xy=\dimen284
\pgf@yx=\dimen285
\pgf@yy=\dimen286
\pgf@zx=\dimen287
\pgf@zy=\dimen288
)
(C:\Users\gharbiab\AppData\Local\Programs\MiKTeX\tex/generic/pgf/basiclayer\pgf
corepathconstruct.code.tex
File: pgfcorepathconstruct.code.tex 2025-08-29 v3.1.11a (3.1.11a)
\pgf@path@lastx=\dimen289
\pgf@path@lasty=\dimen290
)
(C:\Users\gharbiab\AppData\Local\Programs\MiKTeX\tex/generic/pgf/basiclayer\pgf
corepathusage.code.tex
File: pgfcorepathusage.code.tex 2025-08-29 v3.1.11a (3.1.11a)
\pgf@shorten@end@additional=\dimen291
\pgf@shorten@start@additional=\dimen292
)
(C:\Users\gharbiab\AppData\Local\Programs\MiKTeX\tex/generic/pgf/basiclayer\pgf
corescopes.code.tex
File: pgfcorescopes.code.tex 2025-08-29 v3.1.11a (3.1.11a)
\pgfpic=\box68
\pgf@hbox=\box69
\pgf@layerbox@main=\box70
\pgf@picture@serial@count=\count351
)
(C:\Users\gharbiab\AppData\Local\Programs\MiKTeX\tex/generic/pgf/basiclayer\pgf
coregraphicstate.code.tex
File: pgfcoregraphicstate.code.tex 2025-08-29 v3.1.11a (3.1.11a)
\pgflinewidth=\dimen293
)
(C:\Users\gharbiab\AppData\Local\Programs\MiKTeX\tex/generic/pgf/basiclayer\pgf
coretransformations.code.tex
File: pgfcoretransformations.code.tex 2025-08-29 v3.1.11a (3.1.11a)
\pgf@pt@x=\dimen294
\pgf@pt@y=\dimen295
\pgf@pt@temp=\dimen296
)
(C:\Users\gharbiab\AppData\Local\Programs\MiKTeX\tex/generic/pgf/basiclayer\pgf
corequick.code.tex
File: pgfcorequick.code.tex 2025-08-29 v3.1.11a (3.1.11a)
)
(C:\Users\gharbiab\AppData\Local\Programs\MiKTeX\tex/generic/pgf/basiclayer\pgf
coreobjects.code.tex
File: pgfcoreobjects.code.tex 2025-08-29 v3.1.11a (3.1.11a)
)
(C:\Users\gharbiab\AppData\Local\Programs\MiKTeX\tex/generic/pgf/basiclayer\pgf
corepathprocessing.code.tex
File: pgfcorepathprocessing.code.tex 2025-08-29 v3.1.11a (3.1.11a)
)
(C:\Users\gharbiab\AppData\Local\Programs\MiKTeX\tex/generic/pgf/basiclayer\pgf
corearrows.code.tex
File: pgfcorearrows.code.tex 2025-08-29 v3.1.11a (3.1.11a)
\pgfarrowsep=\dimen297
)
(C:\Users\gharbiab\AppData\Local\Programs\MiKTeX\tex/generic/pgf/basiclayer\pgf
coreshade.code.tex
File: pgfcoreshade.code.tex 2025-08-29 v3.1.11a (3.1.11a)
\pgf@max=\dimen298
\pgf@sys@shading@range@num=\count352
\pgf@shadingcount=\count353
)
(C:\Users\gharbiab\AppData\Local\Programs\MiKTeX\tex/generic/pgf/basiclayer\pgf
coreimage.code.tex
File: pgfcoreimage.code.tex 2025-08-29 v3.1.11a (3.1.11a)
)
(C:\Users\gharbiab\AppData\Local\Programs\MiKTeX\tex/generic/pgf/basiclayer\pgf
coreexternal.code.tex
File: pgfcoreexternal.code.tex 2025-08-29 v3.1.11a (3.1.11a)
\pgfexternal@startupbox=\box71
)
(C:\Users\gharbiab\AppData\Local\Programs\MiKTeX\tex/generic/pgf/basiclayer\pgf
corelayers.code.tex
File: pgfcorelayers.code.tex 2025-08-29 v3.1.11a (3.1.11a)
)
(C:\Users\gharbiab\AppData\Local\Programs\MiKTeX\tex/generic/pgf/basiclayer\pgf
coretransparency.code.tex
File: pgfcoretransparency.code.tex 2025-08-29 v3.1.11a (3.1.11a)
)
(C:\Users\gharbiab\AppData\Local\Programs\MiKTeX\tex/generic/pgf/basiclayer\pgf
corepatterns.code.tex
File: pgfcorepatterns.code.tex 2025-08-29 v3.1.11a (3.1.11a)
)
(C:\Users\gharbiab\AppData\Local\Programs\MiKTeX\tex/generic/pgf/basiclayer\pgf
corerdf.code.tex
File: pgfcorerdf.code.tex 2025-08-29 v3.1.11a (3.1.11a)
)))
(C:\Users\gharbiab\AppData\Local\Programs\MiKTeX\tex/generic/pgf/modules\pgfmod
uleshapes.code.tex
File: pgfmoduleshapes.code.tex 2025-08-29 v3.1.11a (3.1.11a)
\pgfnodeparttextbox=\box72
)
(C:\Users\gharbiab\AppData\Local\Programs\MiKTeX\tex/generic/pgf/modules\pgfmod
uleplot.code.tex
File: pgfmoduleplot.code.tex 2025-08-29 v3.1.11a (3.1.11a)
)
(C:\Users\gharbiab\AppData\Local\Programs\MiKTeX\tex/latex/pgf/compatibility\pg
fcomp-version-0-65.sty
Package: pgfcomp-version-0-65 2025-08-29 v3.1.11a (3.1.11a)
\pgf@nodesepstart=\dimen299
\pgf@nodesepend=\dimen300
)
(C:\Users\gharbiab\AppData\Local\Programs\MiKTeX\tex/latex/pgf/compatibility\pg
fcomp-version-1-18.sty
Package: pgfcomp-version-1-18 2025-08-29 v3.1.11a (3.1.11a)
))
(C:\Users\gharbiab\AppData\Local\Programs\MiKTeX\tex/latex/pgf/utilities\pgffor
.sty
(C:\Users\gharbiab\AppData\Local\Programs\MiKTeX\tex/latex/pgf/utilities\pgfkey
s.sty
(C:\Users\gharbiab\AppData\Local\Programs\MiKTeX\tex/generic/pgf/utilities\pgfk
eys.code.tex))
(C:\Users\gharbiab\AppData\Local\Programs\MiKTeX\tex/latex/pgf/math\pgfmath.sty

(C:\Users\gharbiab\AppData\Local\Programs\MiKTeX\tex/generic/pgf/math\pgfmath.c
ode.tex))
(C:\Users\gharbiab\AppData\Local\Programs\MiKTeX\tex/generic/pgf/utilities\pgff
or.code.tex
Package: pgffor 2025-08-29 v3.1.11a (3.1.11a)
\pgffor@iter=\dimen301
\pgffor@skip=\dimen302
\pgffor@stack=\toks44
\pgffor@toks=\toks45
))
(C:\Users\gharbiab\AppData\Local\Programs\MiKTeX\tex/generic/pgf/frontendlayer/
tikz\tikz.code.tex
Package: tikz 2025-08-29 v3.1.11a (3.1.11a)

(C:\Users\gharbiab\AppData\Local\Programs\MiKTeX\tex/generic/pgf/libraries\pgfl
ibraryplothandlers.code.tex
File: pgflibraryplothandlers.code.tex 2025-08-29 v3.1.11a (3.1.11a)
\pgf@plot@mark@count=\count354
\pgfplotmarksize=\dimen303
)
\tikz@lastx=\dimen304
\tikz@lasty=\dimen305
\tikz@lastxsaved=\dimen306
\tikz@lastysaved=\dimen307
\tikz@lastmovetox=\dimen308
\tikz@lastmovetoy=\dimen309
\tikzleveldistance=\dimen310
\tikzsiblingdistance=\dimen311
\tikz@figbox=\box73
\tikz@figbox@bg=\box74
\tikz@tempbox=\box75
\tikz@tempbox@bg=\box76
\tikztreelevel=\count355
\tikznumberofchildren=\count356
\tikznumberofcurrentchild=\count357
\tikz@fig@count=\count358

(C:\Users\gharbiab\AppData\Local\Programs\MiKTeX\tex/generic/pgf/modules\pgfmod
ulematrix.code.tex
File: pgfmodulematrix.code.tex 2025-08-29 v3.1.11a (3.1.11a)
\pgfmatrixcurrentrow=\count359
\pgfmatrixcurrentcolumn=\count360
\pgf@matrix@numberofcolumns=\count361
)
\tikz@expandcount=\count362

(C:\Users\gharbiab\AppData\Local\Programs\MiKTeX\tex/generic/pgf/frontendlayer/
tikz/libraries\tikzlibrarytopaths.code.tex
File: tikzlibrarytopaths.code.tex 2025-08-29 v3.1.11a (3.1.11a)
)))
(C:\Users\gharbiab\AppData\Local\Programs\MiKTeX\tex/latex/pgfplots\pgfplots.st
y
(C:\Users\gharbiab\AppData\Local\Programs\MiKTeX\tex/generic/pgfplots\pgfplots.
revision.tex)
Package: pgfplots 2021/05/15 v1.18.1 Data Visualization (1.18.1)

(C:\Users\gharbiab\AppData\Local\Programs\MiKTeX\tex/generic/pgfplots\pgfplots.
code.tex
(C:\Users\gharbiab\AppData\Local\Programs\MiKTeX\tex/generic/pgfplots\pgfplotsc
ore.code.tex
\t@pgfplots@toka=\toks46
\t@pgfplots@tokb=\toks47
\t@pgfplots@tokc=\toks48
\pgfplots@tmpa=\dimen312
\c@pgfplots@coordindex=\count363
\c@pgfplots@scanlineindex=\count364

(C:\Users\gharbiab\AppData\Local\Programs\MiKTeX\tex/generic/pgfplots/sys\pgfpl
otssysgeneric.code.tex))
(C:\Users\gharbiab\AppData\Local\Programs\MiKTeX\tex/generic/pgfplots/libs\pgfp
lotslibrary.code.tex)
(C:\Users\gharbiab\AppData\Local\Programs\MiKTeX\tex/generic/pgfplots/oldpgfcom
patib\pgfplotsoldpgfsupp_loader.code.tex
(C:\Users\gharbiab\AppData\Local\Programs\MiKTeX\tex/generic/pgf/libraries\pgfl
ibraryfpu.code.tex)
Package pgfplots: loading complementary utilities for your pgf version...
\t@pgf@toka=\toks49
\t@pgf@tokb=\toks50
\t@pgf@tokc=\toks51

(C:\Users\gharbiab\AppData\Local\Programs\MiKTeX\tex/generic/pgfplots/oldpgfcom
patib\pgfplotsoldpgfsupp_pgfutil-common-lists.tex))
(C:\Users\gharbiab\AppData\Local\Programs\MiKTeX\tex/generic/pgfplots/util\pgfp
lotsutil.code.tex
(C:\Users\gharbiab\AppData\Local\Programs\MiKTeX\tex/generic/pgfplots/liststruc
ture\pgfplotsliststructure.code.tex)
(C:\Users\gharbiab\AppData\Local\Programs\MiKTeX\tex/generic/pgfplots/liststruc
ture\pgfplotsliststructureext.code.tex)
(C:\Users\gharbiab\AppData\Local\Programs\MiKTeX\tex/generic/pgfplots/liststruc
ture\pgfplotsarray.code.tex
\c@pgfplotsarray@tmp=\count365
)
(C:\Users\gharbiab\AppData\Local\Programs\MiKTeX\tex/generic/pgfplots/liststruc
ture\pgfplotsmatrix.code.tex)
(C:\Users\gharbiab\AppData\Local\Programs\MiKTeX\tex/generic/pgfplots/numtable\
pgfplotstableshared.code.tex
\c@pgfplotstable@counta=\count366
\t@pgfplotstable@a=\toks52
)
(C:\Users\gharbiab\AppData\Local\Programs\MiKTeX\tex/generic/pgfplots/liststruc
ture\pgfplotsdeque.code.tex)
(C:\Users\gharbiab\AppData\Local\Programs\MiKTeX\tex/generic/pgfplots/util\pgfp
lotsbinary.code.tex
(C:\Users\gharbiab\AppData\Local\Programs\MiKTeX\tex/generic/pgfplots/util\pgfp
lotsbinary.data.code.tex))
(C:\Users\gharbiab\AppData\Local\Programs\MiKTeX\tex/generic/pgfplots/util\pgfp
lotsutil.verb.code.tex)
(C:\Users\gharbiab\AppData\Local\Programs\MiKTeX\tex/generic/pgfplots/libs\pgfl
ibrarypgfplots.surfshading.code.tex
\c@pgfplotslibrarysurf@no=\count367

(C:\Users\gharbiab\AppData\Local\Programs\MiKTeX\tex/generic/pgfplots/sys\pgfli
brarypgfplots.surfshading.pgfsys-pdftex.def)))
(C:\Users\gharbiab\AppData\Local\Programs\MiKTeX\tex/generic/pgfplots/util\pgfp
lotscolormap.code.tex
(C:\Users\gharbiab\AppData\Local\Programs\MiKTeX\tex/generic/pgfplots/util\pgfp
lotscolor.code.tex))
(C:\Users\gharbiab\AppData\Local\Programs\MiKTeX\tex/generic/pgfplots\pgfplotss
tackedplots.code.tex)
(C:\Users\gharbiab\AppData\Local\Programs\MiKTeX\tex/generic/pgfplots\pgfplotsp
lothandlers.code.tex
(C:\Users\gharbiab\AppData\Local\Programs\MiKTeX\tex/generic/pgfplots\pgfplotsm
eshplothandler.code.tex
(C:\Users\gharbiab\AppData\Local\Programs\MiKTeX\tex/generic/pgfplots\pgfplotsm
eshplotimage.code.tex)))
(C:\Users\gharbiab\AppData\Local\Programs\MiKTeX\tex/generic/pgfplots\pgfplots.
scaling.code.tex)
(C:\Users\gharbiab\AppData\Local\Programs\MiKTeX\tex/generic/pgfplots\pgfplotsc
oordprocessing.code.tex)
(C:\Users\gharbiab\AppData\Local\Programs\MiKTeX\tex/generic/pgfplots\pgfplots.
errorbars.code.tex)
(C:\Users\gharbiab\AppData\Local\Programs\MiKTeX\tex/generic/pgfplots\pgfplots.
markers.code.tex)
(C:\Users\gharbiab\AppData\Local\Programs\MiKTeX\tex/generic/pgfplots\pgfplotst
icks.code.tex)
(C:\Users\gharbiab\AppData\Local\Programs\MiKTeX\tex/generic/pgfplots\pgfplots.
paths.code.tex)
(C:\Users\gharbiab\AppData\Local\Programs\MiKTeX\tex/generic/pgf/frontendlayer/
tikz/libraries\tikzlibrarydecorations.code.tex
(C:\Users\gharbiab\AppData\Local\Programs\MiKTeX\tex/generic/pgf/modules\pgfmod
uledecorations.code.tex
\pgfdecoratedcompleteddistance=\dimen313
\pgfdecoratedremainingdistance=\dimen314
\pgfdecoratedinputsegmentcompleteddistance=\dimen315
\pgfdecoratedinputsegmentremainingdistance=\dimen316
\pgf@decorate@distancetomove=\dimen317
\pgf@decorate@repeatstate=\count368
\pgfdecorationsegmentamplitude=\dimen318
\pgfdecorationsegmentlength=\dimen319
)
\tikz@lib@dec@box=\box77
)
(C:\Users\gharbiab\AppData\Local\Programs\MiKTeX\tex/generic/pgf/frontendlayer/
tikz/libraries\tikzlibrarydecorations.pathmorphing.code.tex
(C:\Users\gharbiab\AppData\Local\Programs\MiKTeX\tex/generic/pgf/libraries/deco
rations\pgflibrarydecorations.pathmorphing.code.tex))
(C:\Users\gharbiab\AppData\Local\Programs\MiKTeX\tex/generic/pgf/frontendlayer/
tikz/libraries\tikzlibrarydecorations.pathreplacing.code.tex
(C:\Users\gharbiab\AppData\Local\Programs\MiKTeX\tex/generic/pgf/libraries/deco
rations\pgflibrarydecorations.pathreplacing.code.tex))
(C:\Users\gharbiab\AppData\Local\Programs\MiKTeX\tex/generic/pgfplots/libs\tikz
librarypgfplots.contourlua.code.tex)
\pgfplots@numplots=\count369
\pgfplots@xmin@reg=\dimen320
\pgfplots@xmax@reg=\dimen321
\pgfplots@ymin@reg=\dimen322
\pgfplots@ymax@reg=\dimen323
\pgfplots@zmin@reg=\dimen324
\pgfplots@zmax@reg=\dimen325
)
(C:\Users\gharbiab\AppData\Local\Programs\MiKTeX\tex/generic/pgf/frontendlayer/
tikz/libraries\tikzlibraryplotmarks.code.tex
File: tikzlibraryplotmarks.code.tex 2025-08-29 v3.1.11a (3.1.11a)

(C:\Users\gharbiab\AppData\Local\Programs\MiKTeX\tex/generic/pgf/libraries\pgfl
ibraryplotmarks.code.tex
File: pgflibraryplotmarks.code.tex 2025-08-29 v3.1.11a (3.1.11a)
)))
(C:\Users\gharbiab\AppData\Local\Programs\MiKTeX\tex/generic/pgf/frontendlayer/
tikz/libraries\tikzlibraryshapes.geometric.code.tex
File: tikzlibraryshapes.geometric.code.tex 2025-08-29 v3.1.11a (3.1.11a)

(C:\Users\gharbiab\AppData\Local\Programs\MiKTeX\tex/generic/pgf/libraries/shap
es\pgflibraryshapes.geometric.code.tex
File: pgflibraryshapes.geometric.code.tex 2025-08-29 v3.1.11a (3.1.11a)
))
(C:\Users\gharbiab\AppData\Local\Programs\MiKTeX\tex/generic/pgf/libraries\pgfl
ibraryarrows.meta.code.tex
File: pgflibraryarrows.meta.code.tex 2025-08-29 v3.1.11a (3.1.11a)
\pgfarrowinset=\dimen326
\pgfarrowlength=\dimen327
\pgfarrowwidth=\dimen328
\pgfarrowlinewidth=\dimen329
)
(C:\Users\gharbiab\AppData\Local\Programs\MiKTeX\tex/generic/pgf/frontendlayer/
tikz/libraries\tikzlibrarypositioning.code.tex
File: tikzlibrarypositioning.code.tex 2025-08-29 v3.1.11a (3.1.11a)
)
(C:\Users\gharbiab\AppData\Local\Programs\MiKTeX\tex/generic/pgf/frontendlayer/
tikz/libraries\tikzlibrarycalc.code.tex
File: tikzlibrarycalc.code.tex 2025-08-29 v3.1.11a (3.1.11a)
)
(C:\Users\gharbiab\AppData\Local\Programs\MiKTeX\tex/latex/setspace\setspace.st
y
Package: setspace 2022/12/04 v6.7b set line spacing
)
Package hyperref Info: Option `colorlinks' set `true' on input line 77.
Package french3.ldf Info: Setting StandardItemizeEnv=true for
(french3.ldf)             compatibility with enumitem package,
(french3.ldf)             reported on input line 87.
Package french3.ldf Info: Setting StandardEnumerateEnv=true for
(french3.ldf)             compatibility with enumitem package,
(french3.ldf)             reported on input line 87.

(C:\Users\gharbiab\AppData\Local\Programs\MiKTeX\tex/latex/l3backend\l3backend-
pdftex.def
File: l3backend-pdftex.def 2025-10-09 L3 backend support: PDF output (pdfTeX)
\l__color_backend_stack_int=\count370
) (PFE_Report_STM32Cube_Pipeline.aux
Package babel Info: 'french' activates 'french' shorthands.
(babel)             Reported on input line 11.
)
\openout1 = `PFE_Report_STM32Cube_Pipeline.aux'.

LaTeX Font Info:    Checking defaults for OML/cmm/m/it on input line 87.
LaTeX Font Info:    ... okay on input line 87.
LaTeX Font Info:    Checking defaults for OMS/cmsy/m/n on input line 87.
LaTeX Font Info:    ... okay on input line 87.
LaTeX Font Info:    Checking defaults for OT1/cmr/m/n on input line 87.
LaTeX Font Info:    ... okay on input line 87.
LaTeX Font Info:    Checking defaults for T1/cmr/m/n on input line 87.
LaTeX Font Info:    ... okay on input line 87.
LaTeX Font Info:    Checking defaults for TS1/cmr/m/n on input line 87.
LaTeX Font Info:    ... okay on input line 87.
LaTeX Font Info:    Checking defaults for OMX/cmex/m/n on input line 87.
LaTeX Font Info:    ... okay on input line 87.
LaTeX Font Info:    Checking defaults for U/cmr/m/n on input line 87.
LaTeX Font Info:    ... okay on input line 87.
LaTeX Font Info:    Checking defaults for PD1/pdf/m/n on input line 87.
LaTeX Font Info:    ... okay on input line 87.
LaTeX Font Info:    Checking defaults for PU/pdf/m/n on input line 87.
LaTeX Font Info:    ... okay on input line 87.
LaTeX Info: Redefining \degres on input line 87.

*geometry* driver: auto-detecting
*geometry* detected driver: pdftex
*geometry* verbose mode - [ preamble ] result:
* driver: pdftex
* paper: a4paper
* layout: <same size as paper>
* layoutoffset:(h,v)=(0.0pt,0.0pt)
* modes: 
* h-part:(L,W,R)=(71.13188pt, 455.24411pt, 71.13188pt)
* v-part:(T,H,B)=(85.35826pt, 688.5567pt, 71.13188pt)
* \paperwidth=597.50787pt
* \paperheight=845.04684pt
* \textwidth=455.24411pt
* \textheight=688.5567pt
* \oddsidemargin=-1.1381pt
* \evensidemargin=-1.1381pt
* \topmargin=-23.91173pt
* \headheight=14.5pt
* \headsep=25.0pt
* \topskip=12.0pt
* \footskip=30.0pt
* \marginparwidth=35.0pt
* \marginparsep=10.0pt
* \columnsep=10.0pt
* \skip\footins=10.8pt plus 4.0pt minus 2.0pt
* \hoffset=0.0pt
* \voffset=0.0pt
* \mag=1000
* \@twocolumnfalse
* \@twosidefalse
* \@mparswitchfalse
* \@reversemarginfalse
* (1in=72.27pt=25.4mm, 1cm=28.453pt)


(C:\Users\gharbiab\AppData\Local\Programs\MiKTeX\tex/context/base/mkii\supp-pdf
.mkii
[Loading MPS to PDF converter (version 2006.09.02).]
\scratchcounter=\count371
\scratchdimen=\dimen330
\scratchbox=\box78
\nofMPsegments=\count372
\nofMParguments=\count373
\everyMPshowfont=\toks53
\MPscratchCnt=\count374
\MPscratchDim=\dimen331
\MPnumerator=\count375
\makeMPintoPDFobject=\count376
\everyMPtoPDFconversion=\toks54
)
(C:\Users\gharbiab\AppData\Local\Programs\MiKTeX\tex/latex/epstopdf-pkg\epstopd
f-base.sty
Package: epstopdf-base 2020-01-24 v2.11 Base part for package epstopdf
Package epstopdf-base Info: Redefining graphics rule for `.eps' on input line 4
85.

(C:\Users\gharbiab\AppData\Local\Programs\MiKTeX\tex/latex/00miktex\epstopdf-sy
s.cfg
File: epstopdf-sys.cfg 2021/03/18 v2.0 Configuration of epstopdf for MiKTeX
))
Package hyperref Info: Link coloring ON on input line 87.
 (PFE_Report_STM32Cube_Pipeline.out) (PFE_Report_STM32Cube_Pipeline.out)
\@outlinefile=\write4
\openout4 = `PFE_Report_STM32Cube_Pipeline.out'.

\c@lstlisting=\count377
Package pgfplots notification 'compat/show suggested version=true': document ha
s been generated with the most recent feature set (\pgfplotsset{compat=1.18}).

LaTeX Font Info:    Trying to load font information for U+msa on input line 111
.
(C:\Users\gharbiab\AppData\Local\Programs\MiKTeX\tex/latex/amsfonts\umsa.fd
File: umsa.fd 2013/01/14 v3.01 AMS symbols A
)
LaTeX Font Info:    Trying to load font information for U+msb on input line 111
.

(C:\Users\gharbiab\AppData\Local\Programs\MiKTeX\tex/latex/amsfonts\umsb.fd
File: umsb.fd 2013/01/14 v3.01 AMS symbols B
)
[1

{C:/Users/gharbiab/AppData/Local/MiKTeX/fonts/map/pdftex/pdftex.map}]
pdfTeX warning (ext4): destination with the same identifier (name{page.1}) has 
been already used, duplicate ignored
<to be read again> 
                   \relax 
l.136 \newpage
               [1

] (PFE_Report_STM32Cube_Pipeline.toc)
\tf@toc=\write5
\openout5 = `PFE_Report_STM32Cube_Pipeline.toc'.

 [2]
(PFE_Report_STM32Cube_Pipeline.lof)
\tf@lof=\write6
\openout6 = `PFE_Report_STM32Cube_Pipeline.lof'.

 [3] [4

]
Package babel Info: 'french' activates 'french' shorthands.
(babel)             Reported on input line 166.
 [5]
Chapitre 1.

LaTeX Warning: Citation `stm32' on page 6 undefined on input line 182.


LaTeX Warning: Citation `st_annual_report' on page 6 undefined on input line 18
2.


LaTeX Warning: Citation `st_annual_report' on page 6 undefined on input line 18
4.

[6

]

LaTeX Warning: Citation `st_annual_report' on page 7 undefined on input line 21
1.


Package fancyhdr Warning: \headheight is too small (14.5pt): 
(fancyhdr)                Make it at least 14.61858pt, for example:
(fancyhdr)                \setlength{\headheight}{14.61858pt}.
(fancyhdr)                You might also make \topmargin smaller:
(fancyhdr)                \addtolength{\topmargin}{-0.11858pt}.

[7
pdfTeX warning (ext4): destination with the same identifier (name{figure.1.1}) 
has been already used, duplicate ignored
<argument> ...shipout:D \box_use:N \l_shipout_box 
                                                  \__shipout_drop_firstpage_...
l.225 \end{figure}
                  ]
Overfull \hbox (1.23592pt too wide) in paragraph at lines 238--239
[]\T1/cmr/m/n/12 C'est dans ce contexte opé-ra-tion-nel que le be-soin d'un \T1
/cmr/bx/n/12 chat-bot IA spé-cia-lisé STM32
 []


Package fancyhdr Warning: \headheight is too small (14.5pt): 
(fancyhdr)                Make it at least 14.61858pt, for example:
(fancyhdr)                \setlength{\headheight}{14.61858pt}.
(fancyhdr)                You might also make \topmargin smaller:
(fancyhdr)                \addtolength{\topmargin}{-0.11858pt}.

[8
pdfTeX warning (ext4): destination with the same identifier (name{figure.1.2}) 
has been already used, duplicate ignored
<argument> ...shipout:D \box_use:N \l_shipout_box 
                                                  \__shipout_drop_firstpage_...
l.239 
      ]
Overfull \hbox (18.75584pt too wide) in paragraph at lines 251--251
[]|\T1/cmr/m/n/12 STM32F0/F1/F2| 
 []


Overfull \hbox (2.4446pt too wide) in paragraph at lines 254--254
[]|\T1/cmr/m/n/12 STM32G0/G4| 
 []


Underfull \hbox (badness 10000) in paragraph at lines 254--254
[]|\T1/cmr/m/n/12 Cortex-
 []


Overfull \hbox (37.34717pt too wide) in paragraph at lines 255--255
[]|\T1/cmr/m/n/12 STM32H5/H7/H7RS| 
 []


Underfull \hbox (badness 10000) in paragraph at lines 255--256
[]|\T1/cmr/m/n/12 Ultra-haute per-for-mance, dual-core,
 []


Overfull \hbox (36.86397pt too wide) in paragraph at lines 256--256
[]|\T1/cmr/m/n/12 STM32L0/L1/L4/L5| 
 []


Underfull \hbox (badness 10000) in paragraph at lines 256--256
[]|\T1/cmr/m/n/12 Cortex-
 []


Overfull \hbox (13.82306pt too wide) in paragraph at lines 256--256
\T1/cmr/m/n/12 M0+/M3/M4/M33| 
 []


Underfull \hbox (badness 5008) in paragraph at lines 256--257
[]|\T1/cmr/m/n/12 Ultra-basse consom-ma-tion, IoT, wea-
 []


Overfull \hbox (22.17589pt too wide) in paragraph at lines 257--257
[]|\T1/cmr/m/n/12 STM32U0/U3/U5| 
 []


Underfull \hbox (badness 10000) in paragraph at lines 257--257
[]|\T1/cmr/m/n/12 Cortex-
 []


Overfull \hbox (47.12808pt too wide) in paragraph at lines 258--258
[]|\T1/cmr/m/n/12 STM32WB/WBA/WL| 
 []


Underfull \hbox (badness 10000) in paragraph at lines 258--258
[]|\T1/cmr/m/n/12 Cortex-
 []


Underfull \hbox (badness 10000) in paragraph at lines 259--259
[]|\T1/cmr/m/n/12 Cortex-
 []


Overfull \hbox (16.73776pt too wide) in paragraph at lines 263--265
[]\T1/cmr/m/n/12 Pour chaque sé-rie, ST four-nit un \T1/cmr/bx/n/12 Firm-ware P
a-ckage \T1/cmr/m/n/12 com-plet sous le nom \T1/cmr/bx/n/12 STM32Cube\T1/cmr/m/
n/12 ,
 []


Package fancyhdr Warning: \headheight is too small (14.5pt): 
(fancyhdr)                Make it at least 14.61858pt, for example:
(fancyhdr)                \setlength{\headheight}{14.61858pt}.
(fancyhdr)                You might also make \topmargin smaller:
(fancyhdr)                \addtolength{\topmargin}{-0.11858pt}.

[9]
Overfull \hbox (15.77817pt too wide) in paragraph at lines 275--276
[]\T1/cmr/m/n/12 Depuis 2019, ST-Mi-croe-lec-tro-nics pu-blie l'in-té-gra-lité 
de ses firm-ware pa-ckages STM32Cube
 []


Overfull \hbox (76.61743pt too wide) in paragraph at lines 279--280
[]\T1/cmr/bx/n/12 200+ sous-dépôts \T1/cmr/m/n/12 pour les dri-vers in-di-vi-du
els (\T1/cmtt/m/n/12 stm32h7xx-hal-driver\T1/cmr/m/n/12 , \T1/cmtt/m/n/12 stm32
f4xx-nucleo-bsp\T1/cmr/m/n/12 ,
 []


Package fancyhdr Warning: \headheight is too small (14.5pt): 
(fancyhdr)                Make it at least 14.61858pt, for example:
(fancyhdr)                \setlength{\headheight}{14.61858pt}.
(fancyhdr)                You might also make \topmargin smaller:
(fancyhdr)                \addtolength{\topmargin}{-0.11858pt}.

[10]
Underfull \hbox (badness 10000) in paragraph at lines 312--312
[]|\T1/cmr/bx/n/12 Solution exis-
 []


Underfull \hbox (badness 1708) in paragraph at lines 314--314
[]|\T1/cmr/m/n/12 Recherche Gi-tHub
 []


Underfull \hbox (badness 5231) in paragraph at lines 314--314
\T1/cmr/m/n/12 de fil-trage par com-po-sant,
 []


Underfull \hbox (badness 1997) in paragraph at lines 315--316
[]|\T1/cmr/m/n/12 Conseils gé-né-raux sans
 []


Underfull \hbox (badness 1888) in paragraph at lines 316--317
[]|\T1/cmr/m/n/12 Solutions non vé-ri-fiées,
 []


Underfull \hbox (badness 10000) in paragraph at lines 317--317
[]|\T1/cmr/m/n/12 Documentation
 []


Underfull \hbox (badness 10000) in paragraph at lines 317--317
[]|\T1/cmr/m/n/12 Non in-dexable, fi-gures
 []


Underfull \hbox (badness 4454) in paragraph at lines 317--317
\T1/cmr/m/n/12 opaques, pas de lien avec
 []


Underfull \hbox (badness 10000) in paragraph at lines 317--318
\T1/cmr/m/n/12 cor-ré-ler son pro-blème
 []


Underfull \hbox (badness 10000) in paragraph at lines 318--318
[]|\T1/cmr/m/n/12 Support di-rect
 []


Underfull \hbox (badness 3396) in paragraph at lines 318--319
[]|\T1/cmr/m/n/12 Blocage du dé-ve-lop-pe-
 []

ignored error: Infinite glue shrinkage found in box being split

Package fancyhdr Warning: \headheight is too small (14.5pt): 
(fancyhdr)                Make it at least 14.61858pt, for example:
(fancyhdr)                \setlength{\headheight}{14.61858pt}.
(fancyhdr)                You might also make \topmargin smaller:
(fancyhdr)                \addtolength{\topmargin}{-0.11858pt}.

[11]

LaTeX Warning: Reference `sec:etude_comparative' on page 12 undefined on input 
line 322.


Package fancyhdr Warning: \headheight is too small (14.5pt): 
(fancyhdr)                Make it at least 14.61858pt, for example:
(fancyhdr)                \setlength{\headheight}{14.61858pt}.
(fancyhdr)                You might also make \topmargin smaller:
(fancyhdr)                \addtolength{\topmargin}{-0.11858pt}.

[12]
Underfull \hbox (badness 2073) in paragraph at lines 377--377
[]|\T1/cmr/bx/n/12 Repos prin-ci-
 []


Underfull \hbox (badness 10000) in paragraph at lines 377--378
[]|\T1/cmr/bx/n/12 Sous-dépôts
 []


Overfull \hbox (7.83078pt too wide) in paragraph at lines 379--379
[]|\T1/cmr/m/n/12 STM32CubeC0| 
 []


Overfull \hbox (7.01291pt too wide) in paragraph at lines 380--380
[]|\T1/cmr/m/n/12 STM32CubeF0| 
 []


Overfull \hbox (7.01291pt too wide) in paragraph at lines 381--381
[]|\T1/cmr/m/n/12 STM32CubeF1| 
 []


Overfull \hbox (7.01291pt too wide) in paragraph at lines 382--382
[]|\T1/cmr/m/n/12 STM32CubeF2| 
 []


Overfull \hbox (7.01291pt too wide) in paragraph at lines 383--383
[]|\T1/cmr/m/n/12 STM32CubeF3| 
 []


Overfull \hbox (7.01291pt too wide) in paragraph at lines 384--384
[]|\T1/cmr/m/n/12 STM32CubeF4| 
 []


Underfull \hbox (badness 1577) in paragraph at lines 384--385
[]|\T1/cmr/m/n/12 16 (HAL, CM-
 []


Overfull \hbox (7.01291pt too wide) in paragraph at lines 385--385
[]|\T1/cmr/m/n/12 STM32CubeF7| 
 []


Overfull \hbox (8.56393pt too wide) in paragraph at lines 386--386
[]|\T1/cmr/m/n/12 STM32CubeG0| 
 []


Overfull \hbox (8.15292pt too wide) in paragraph at lines 387--387
[]|\T1/cmr/m/n/12 STM32CubeH5| 
 []


Overfull \hbox (8.15292pt too wide) in paragraph at lines 388--388
[]|\T1/cmr/m/n/12 STM32CubeH7| 
 []


Underfull \hbox (badness 1577) in paragraph at lines 388--389
[]|\T1/cmr/m/n/12 12 (HAL, CM-
 []


Overfull \hbox (23.3242pt too wide) in paragraph at lines 389--389
[]|\T1/cmr/m/n/12 STM32CubeH7RS| 
 []


Overfull \hbox (8.15292pt too wide) in paragraph at lines 390--390
[]|\T1/cmr/m/n/12 STM32CubeU5| 
 []


Overfull \hbox (12.88231pt too wide) in paragraph at lines 391--391
[]|\T1/cmr/m/n/12 STM32CubeWL| 
 []


Overfull \hbox (8.56393pt too wide) in paragraph at lines 393--393
[]|\T1/cmr/m/n/12 STM32CubeG4| 
 []


Overfull \hbox (6.68661pt too wide) in paragraph at lines 394--394
[]|\T1/cmr/m/n/12 STM32CubeL0| 
 []


Overfull \hbox (6.68661pt too wide) in paragraph at lines 395--395
[]|\T1/cmr/m/n/12 STM32CubeL1| 
 []


Overfull \hbox (6.68661pt too wide) in paragraph at lines 396--396
[]|\T1/cmr/m/n/12 STM32CubeL4| 
 []


Overfull \hbox (6.68661pt too wide) in paragraph at lines 397--397
[]|\T1/cmr/m/n/12 STM32CubeL5| 
 []


Overfull \hbox (8.15292pt too wide) in paragraph at lines 398--398
[]|\T1/cmr/m/n/12 STM32CubeN6| 
 []


Overfull \hbox (8.15292pt too wide) in paragraph at lines 399--399
[]|\T1/cmr/m/n/12 STM32CubeU0| 
 []


Overfull \hbox (8.15292pt too wide) in paragraph at lines 400--400
[]|\T1/cmr/m/n/12 STM32CubeU3| 
 []


Overfull \hbox (13.86124pt too wide) in paragraph at lines 401--401
[]|\T1/cmr/m/n/12 STM32CubeWB| 
 []


Overfull \hbox (19.7348pt too wide) in paragraph at lines 402--402
[]|\T1/cmr/m/n/12 STM32CubeWB0| 
 []


Overfull \hbox (22.66742pt too wide) in paragraph at lines 403--403
[]|\T1/cmr/m/n/12 STM32CubeWBA| 
 []


Overfull \hbox (18.75587pt too wide) in paragraph at lines 404--404
[]|\T1/cmr/m/n/12 STM32CubeWL3| 
 []


Package fancyhdr Warning: \headheight is too small (14.5pt): 
(fancyhdr)                Make it at least 14.61858pt, for example:
(fancyhdr)                \setlength{\headheight}{14.61858pt}.
(fancyhdr)                You might also make \topmargin smaller:
(fancyhdr)                \addtolength{\topmargin}{-0.11858pt}.

[13]

LaTeX Warning: Reference `chap:resultats_evaluation' on page 14 undefined on in
put line 412.


Package fancyhdr Warning: \headheight is too small (14.5pt): 
(fancyhdr)                Make it at least 14.61858pt, for example:
(fancyhdr)                \setlength{\headheight}{14.61858pt}.
(fancyhdr)                You might also make \topmargin smaller:
(fancyhdr)                \addtolength{\topmargin}{-0.11858pt}.

[14]

Package fancyhdr Warning: \headheight is too small (14.5pt): 
(fancyhdr)                Make it at least 14.61858pt, for example:
(fancyhdr)                \setlength{\headheight}{14.61858pt}.
(fancyhdr)                You might also make \topmargin smaller:
(fancyhdr)                \addtolength{\topmargin}{-0.11858pt}.

[15]
Chapitre 2.

LaTeX Warning: Citation `lewis2020rag' on page 16 undefined on input line 426.

[16

]
Overfull \hbox (26.92761pt too wide) in paragraph at lines 457--458
 [][] 
 []


LaTeX Warning: Citation `tfidf' on page 17 undefined on input line 475.


Package fancyhdr Warning: \headheight is too small (14.5pt): 
(fancyhdr)                Make it at least 14.61858pt, for example:
(fancyhdr)                \setlength{\headheight}{14.61858pt}.
(fancyhdr)                You might also make \topmargin smaller:
(fancyhdr)                \addtolength{\topmargin}{-0.11858pt}.

[17
pdfTeX warning (ext4): destination with the same identifier (name{figure.2.1}) 
has been already used, duplicate ignored
<argument> ...shipout:D \box_use:N \l_shipout_box 
                                                  \__shipout_drop_firstpage_...
l.476 
      ]
Underfull \hbox (badness 10000) in paragraph at lines 490--490
[]|\T1/cmr/m/n/12 Recherche Gi-
 []


Underfull \hbox (badness 10000) in paragraph at lines 490--491
\T1/cmr/m/n/12 de fil-trage par com-
 []


Underfull \hbox (badness 10000) in paragraph at lines 490--491
\T1/cmr/m/n/12 po-sant/layer, ré-sul-tats
 []


Underfull \hbox (badness 10000) in paragraph at lines 491--491
[]|\T1/cmr/m/n/12 Toujours dis-po-nible,
 []


Underfull \hbox (badness 1546) in paragraph at lines 491--492
[]|\T1/cmr/m/n/12 Pas d'ac-cès aux is-sues
 []


Underfull \hbox (badness 3354) in paragraph at lines 491--492
\T1/cmr/m/n/12 Gi-tHub, conseils gé-né-
 []


Underfull \hbox (badness 1845) in paragraph at lines 491--492
\T1/cmr/m/n/12 riques sans root cause
 []


Underfull \hbox (badness 10000) in paragraph at lines 494--494
[]|\T1/cmr/bx/n/12 Notre ap-
 []


Underfull \hbox (badness 4846) in paragraph at lines 494--494
\T1/cmr/m/n/12 4 ar-te-facts, en-ri-chis-se-
 []


Package fancyhdr Warning: \headheight is too small (14.5pt): 
(fancyhdr)                Make it at least 14.61858pt, for example:
(fancyhdr)                \setlength{\headheight}{14.61858pt}.
(fancyhdr)                You might also make \topmargin smaller:
(fancyhdr)                \addtolength{\topmargin}{-0.11858pt}.

[18]
Overfull \hbox (3.71443pt too wide) in paragraph at lines 508--510
[]\T1/cmr/bx/n/12 4 types d'ar-te-facts com-plé-men-taires \T1/cmr/m/n/12 cou-v
rant l'in-té-gra-lité du spectre de connais-
 []


Package fancyhdr Warning: \headheight is too small (14.5pt): 
(fancyhdr)                Make it at least 14.61858pt, for example:
(fancyhdr)                \setlength{\headheight}{14.61858pt}.
(fancyhdr)                You might also make \topmargin smaller:
(fancyhdr)                \addtolength{\topmargin}{-0.11858pt}.

[19]
Underfull \hbox (badness 4686) in paragraph at lines 557--557
[]|\T1/cmr/m/n/12 Cleaning + En-rich-
 []


Underfull \hbox (badness 10000) in paragraph at lines 557--558
[]|\T1/cmr/m/n/12 Normalisation, clas-si-fi-ca-tion
 []

ignored error: Infinite glue shrinkage found in box being split

Package fancyhdr Warning: \headheight is too small (14.5pt): 
(fancyhdr)                Make it at least 14.61858pt, for example:
(fancyhdr)                \setlength{\headheight}{14.61858pt}.
(fancyhdr)                You might also make \topmargin smaller:
(fancyhdr)                \addtolength{\topmargin}{-0.11858pt}.

[20]
Underfull \hbox (badness 10000) in paragraph at lines 583--583
[]|\T1/cmr/m/n/12 Vocabulaire tech-nique
 []


Underfull \hbox (badness 1184) in paragraph at lines 586--587
\T1/cmr/m/n/12 connexion contiennent des in-for-ma-tions cri-
 []

ignored error: Infinite glue shrinkage found in box being split

Package fancyhdr Warning: \headheight is too small (14.5pt): 
(fancyhdr)                Make it at least 14.61858pt, for example:
(fancyhdr)                \setlength{\headheight}{14.61858pt}.
(fancyhdr)                You might also make \topmargin smaller:
(fancyhdr)                \addtolength{\topmargin}{-0.11858pt}.

[21]

LaTeX Warning: Citation `lewis2020rag' on page 22 undefined on input line 593.


Package fancyhdr Warning: \headheight is too small (14.5pt): 
(fancyhdr)                Make it at least 14.61858pt, for example:
(fancyhdr)                \setlength{\headheight}{14.61858pt}.
(fancyhdr)                You might also make \topmargin smaller:
(fancyhdr)                \addtolength{\topmargin}{-0.11858pt}.

[22]

Package fancyhdr Warning: \headheight is too small (14.5pt): 
(fancyhdr)                Make it at least 14.61858pt, for example:
(fancyhdr)                \setlength{\headheight}{14.61858pt}.
(fancyhdr)                You might also make \topmargin smaller:
(fancyhdr)                \addtolength{\topmargin}{-0.11858pt}.

[23]

Package fancyhdr Warning: \headheight is too small (14.5pt): 
(fancyhdr)                Make it at least 14.61858pt, for example:
(fancyhdr)                \setlength{\headheight}{14.61858pt}.
(fancyhdr)                You might also make \topmargin smaller:
(fancyhdr)                \addtolength{\topmargin}{-0.11858pt}.

[24]
Chapitre 3.

Underfull \hbox (badness 10000) in paragraph at lines 731--731
[]|\T1/cmr/bx/n/12 Ingénieur
 []


Underfull \hbox (badness 10000) in paragraph at lines 731--731
\T1/cmr/bx/n/12 STM32
 []


Underfull \hbox (badness 7047) in paragraph at lines 731--731
[]|\T1/cmr/m/n/12 Utilisateur fi-nal du
 []


Underfull \hbox (badness 1845) in paragraph at lines 732--732
[]|\T1/cmr/bx/n/12 Équipe Sup-port
 []


Underfull \hbox (badness 10000) in paragraph at lines 733--733
[]|\T1/cmr/bx/n/12 Administrateur
 []


Underfull \hbox (badness 10000) in paragraph at lines 736--736
[]|\T1/cmr/m/n/12 Service d'en-ri-chis-se-
 []


Underfull \hbox (badness 4242) in paragraph at lines 736--737
[]|\T1/cmr/m/n/12 Décrit au-to-ma-ti-que-ment les
 []

ignored error: Infinite glue shrinkage found in box being split [25

]
Underfull \hbox (badness 10000) in paragraph at lines 777--777
[]|\T1/cmr/m/n/12 Ingérer au-to-ma-ti-que-ment
 []


Underfull \hbox (badness 2846) in paragraph at lines 778--778
[]|\T1/cmr/m/n/12 Nettoyer le contenu tex-
 []


Underfull \hbox (badness 10000) in paragraph at lines 779--779
\T1/cmr/m/n/12 mé-ta-don-nées struc-tu-rées
 []


Underfull \hbox (badness 1552) in paragraph at lines 779--779
\T1/cmr/m/n/12 (layer, com-ponent, board,
 []


Underfull \hbox (badness 10000) in paragraph at lines 782--782
[]|\T1/cmr/m/n/12 Uploader les ar-te-facts
 []


Underfull \hbox (badness 1655) in paragraph at lines 782--783
[]|\T1/cmr/m/n/12 Datasources créées et in-
 []


Underfull \hbox (badness 10000) in paragraph at lines 783--783
[]|\T1/cmr/m/n/12 Décrire au-to-ma-ti-que-ment
 []


Underfull \hbox (badness 10000) in paragraph at lines 784--784
[]|\T1/cmr/m/n/12 Décrire au-to-ma-ti-que-ment
 []


Underfull \hbox (badness 2772) in paragraph at lines 784--784
\T1/cmr/m/n/12 les fi-gures des PDFs de
 []


Underfull \hbox (badness 4181) in paragraph at lines 785--785
\T1/cmr/m/n/12 un JSON Schema avant
 []


Underfull \hbox (badness 10000) in paragraph at lines 786--786
[]|\T1/cmr/m/n/12 Fournir un chat-bot IA
 []


Underfull \hbox (badness 1062) in paragraph at lines 786--786
\T1/cmr/m/n/12 qui ré-pond aux ques-tions
 []

ignored error: Infinite glue shrinkage found in box being split [26
pdfTeX warning (ext4): destination with the same identifier (name{figure.3.1}) 
has been already used, duplicate ignored
<argument> ...shipout:D \box_use:N \l_shipout_box 
                                                  \__shipout_drop_firstpage_...
l.788 \end{longtable}
                     ]
Overfull \hbox (2.21198pt too wide) in paragraph at lines 797--797
[]|\T1/cmr/m/n/12 BNF1| 
 []


Underfull \hbox (badness 5189) in paragraph at lines 797--797
\T1/cmr/m/n/12 re-jouable par étape
 []


Overfull \hbox (2.21198pt too wide) in paragraph at lines 798--798
[]|\T1/cmr/m/n/12 BNF2| 
 []


Overfull \hbox (2.21198pt too wide) in paragraph at lines 799--799
[]|\T1/cmr/m/n/12 BNF3| 
 []


Overfull \hbox (2.21198pt too wide) in paragraph at lines 800--800
[]|\T1/cmr/m/n/12 BNF4| 
 []


Underfull \hbox (badness 10000) in paragraph at lines 800--800
[]|\T1/cmr/m/n/12 Le code doit être
 []


Underfull \hbox (badness 1708) in paragraph at lines 800--800
\T1/cmr/m/n/12 sible à de nou-velles
 []


Underfull \hbox (badness 4886) in paragraph at lines 800--801
[]|\T1/cmr/m/n/12 Ajout d'une sé-rie en 3
 []


Overfull \hbox (2.21198pt too wide) in paragraph at lines 801--801
[]|\T1/cmr/m/n/12 BNF5| 
 []


Underfull \hbox (badness 2582) in paragraph at lines 801--801
[]|\T1/cmr/m/n/12 Les don-nées sources
 []


Underfull \hbox (badness 4156) in paragraph at lines 801--801
\T1/cmr/m/n/12 pro-viennent des dé-
 []


Overfull \hbox (2.21198pt too wide) in paragraph at lines 802--802
[]|\T1/cmr/m/n/12 BNF6| 
 []


Underfull \hbox (badness 10000) in paragraph at lines 802--802
\T1/cmr/m/n/12 por-ter 25+ sé-ries
 []


Overfull \hbox (2.21198pt too wide) in paragraph at lines 803--803
[]|\T1/cmr/m/n/12 BNF7| 
 []


Overfull \hbox (2.21198pt too wide) in paragraph at lines 804--804
[]|\T1/cmr/m/n/12 BNF8| 
 []


Underfull \hbox (badness 2173) in paragraph at lines 804--804
[]|\T1/cmr/m/n/12 Le chat-bot doit ré-
 []


Underfull \hbox (badness 10000) in paragraph at lines 804--804
[]|\T1/cmr/m/n/12 Temps de ré-
 []


Underfull \hbox (badness 10000) in paragraph at lines 804--805
[]|\T1/cmr/m/n/12 Mesure via API ST
 []

ignored error: Infinite glue shrinkage found in box being split [27]
Underfull \hbox (badness 10000) in paragraph at lines 818--818
[]|\T1/cmr/m/n/12 Plateforme ST
 []


Underfull \hbox (badness 10000) in paragraph at lines 818--818
\T1/cmr/m/n/12 ChatGPT (Azure
 []


Underfull \hbox (badness 10000) in paragraph at lines 818--819
[]|\T1/cmr/m/n/12 Export JSON avec
 []


Underfull \hbox (badness 10000) in paragraph at lines 818--819
\T1/cmr/m/n/12 pro-ces-sor pa-rams
 []


Underfull \hbox (badness 10000) in paragraph at lines 819--819
[]|\T1/cmr/m/n/12 Pas de don-nées
 []


Underfull \hbox (badness 10000) in paragraph at lines 819--820
[]|\T1/cmr/m/n/12 Heuristiques re-gex
 []


Underfull \hbox (badness 10000) in paragraph at lines 820--820
[]|\T1/cmr/m/n/12 Headers CM-SIS $\OML/cmm/m/it/12 >$
 []


Underfull \hbox (badness 2762) in paragraph at lines 820--821
[]|\T1/cmr/m/n/12 Filtre V3 in-tel-li-gent
 []


Underfull \hbox (badness 10000) in paragraph at lines 822--822
[]|\T1/cmr/m/n/12 Risque de di-lu-tion du
 []


Underfull \hbox (badness 2922) in paragraph at lines 822--823
[]|\T1/cmr/m/n/12 Datasources sé-pa-rées
 []

[28] [29] [30
pdfTeX warning (ext4): destination with the same identifier (name{figure.3.2}) 
has been already used, duplicate ignored
<argument> ...shipout:D \box_use:N \l_shipout_box 
                                                  \__shipout_drop_firstpage_...
l.908 
      ]

LaTeX Warning: Reference `chap:resultats_evaluation' on page 31 undefined on in
put line 911.


Underfull \hbox (badness 4927) in paragraph at lines 922--922
[]|\T1/cmr/m/n/12 Phase mé-tier
 []


Underfull \hbox (badness 1014) in paragraph at lines 923--923
[]|\T1/cmr/m/n/12 Phase de dé-
 []


Underfull \hbox (badness 1472) in paragraph at lines 923--923
\T1/cmr/m/n/12 ploie-ment ex-
 []


Underfull \hbox (badness 1242) in paragraph at lines 923--923
[]|\T1/cmr/m/n/12 Implicite (in-ter-pré-
 []


Underfull \hbox (badness 3240) in paragraph at lines 923--924
[]|\T1/cmr/bx/n/12 Présente \T1/cmr/m/n/12 (De-ploy-
 []


Underfull \hbox (badness 1769) in paragraph at lines 924--924
\T1/cmr/m/n/12 à-vis du sec-
 []


Underfull \hbox (badness 10000) in paragraph at lines 925--925
[]|\T1/cmr/m/n/12 Adoption
 []


Underfull \hbox (badness 10000) in paragraph at lines 925--925
\T1/cmr/m/n/12 in-dus-trielle
 []


Underfull \hbox (badness 10000) in paragraph at lines 925--925
\T1/cmr/m/n/12 et re-con-nais-
 []


Overfull \hbox (21.1091pt too wide) in paragraph at lines 926--926
\T1/cmr/m/n/12 supervisé/retrieval| 
 []


Underfull \hbox (badness 10000) in paragraph at lines 926--927
[]|\T1/cmr/bx/n/12 Bonne \T1/cmr/m/n/12 (phase
 []


Underfull \hbox (badness 10000) in paragraph at lines 926--927
\T1/cmr/m/it/12 Mo-de-ling \T1/cmr/m/n/12 ré-in-
 []


Underfull \hbox (badness 10000) in paragraph at lines 926--927
\T1/cmr/m/n/12 ter-pré-table, cf.
 []

ignored error: Infinite glue shrinkage found in box being split [31] [32]

LaTeX Warning: Reference `sec:def_similarity' on page 33 undefined on input lin
e 956.

[33]
Underfull \hbox (badness 2512) in paragraph at lines 973--973
[]|\T1/cmr/bx/n/12 Interprétation dans le
 []


Underfull \hbox (badness 4518) in paragraph at lines 975--975
[]|\T1/cmr/bx/n/12 Business Un-
 []


Underfull \hbox (badness 2134) in paragraph at lines 975--975
[]|\T1/cmr/m/n/12 Cadrage du pro-blème de
 []


Underfull \hbox (badness 1394) in paragraph at lines 975--976
\T1/cmr/m/n/12 duc-tion du temps de re-
 []


Underfull \hbox (badness 1158) in paragraph at lines 975--976
\T1/cmr/m/n/12 li-da-tion des connais-sances
 []


Underfull \hbox (badness 1292) in paragraph at lines 976--976
[]|\T1/cmr/bx/n/12 Data Un-ders-
 []


Underfull \hbox (badness 10000) in paragraph at lines 976--977
\T1/cmr/m/n/12 mits, fi-chiers, Re-lease
 []


Underfull \hbox (badness 10000) in paragraph at lines 976--977
\T1/cmr/m/n/12 Notes, cap-tures, fi-gures
 []


Underfull \hbox (badness 2197) in paragraph at lines 976--977
\T1/cmr/m/n/12 PDF ; vo-lume, bruit, hé-
 []


Underfull \hbox (badness 10000) in paragraph at lines 976--977
\T1/cmr/m/n/12 té-ro-gé-néité, mé-ta-don-nées
 []


Underfull \hbox (badness 2426) in paragraph at lines 977--978
[]|\T1/cmr/m/n/12 Stages 1--3, 5--7 : in-ges-
 []


Underfull \hbox (badness 4927) in paragraph at lines 978--978
[]|\T1/cmr/bx/n/12 Modeling \T1/cmr/m/it/12 (ré-
 []


Underfull \hbox (badness 10000) in paragraph at lines 978--978
[]|\T1/cmr/m/n/12 Conception al-go-rith-mique
 []


Underfull \hbox (badness 10000) in paragraph at lines 978--978
\T1/cmr/m/n/12 et struc-tu-ra-tion orien-tée
 []


Underfull \hbox (badness 6691) in paragraph at lines 978--979
\T1/cmr/m/n/12 heu-ris-tiques mé-ta-don-nées,
 []


Underfull \hbox (badness 10000) in paragraph at lines 978--979
\T1/cmr/m/n/12 stra-té-gie de chun-king
 []


Underfull \hbox (badness 10000) in paragraph at lines 978--979
\T1/cmtt/m/n/12 PARENT_CHILD\T1/cmr/m/n/12 , for-mats
 []


Underfull \hbox (badness 10000) in paragraph at lines 978--979
\T1/cmr/m/n/12 d'ar-te-facts KB-ready,
 []


LaTeX Warning: Reference `chap:resultats_evaluation' on page 34 undefined on in
put line 979.


LaTeX Warning: Reference `chap:configuration' on page 34 undefined on input lin
e 980.


Underfull \hbox (badness 10000) in paragraph at lines 980--981
\T1/cmr/m/n/12 KB #793, per-sona ST
 []


Underfull \hbox (badness 6893) in paragraph at lines 980--981
\T1/cmr/m/n/12 ChatGPT, re-cherche hy-
 []


Underfull \hbox (badness 10000) in paragraph at lines 980--981
\T1/cmr/m/n/12 bride, work-flow CI/CD
 []

ignored error: Infinite glue shrinkage found in box being split [34]

Package hyperref Warning: Token not allowed in a PDF string (Unicode):
(hyperref)                removing `math shift' on input line 986.


Package hyperref Warning: Token not allowed in a PDF string (Unicode):
(hyperref)                removing `\to' on input line 986.


Package hyperref Warning: Token not allowed in a PDF string (Unicode):
(hyperref)                removing `math shift' on input line 986.


Underfull \hbox (badness 10000) in paragraph at lines 993--993
[]|\T1/cmr/bx/n/12 Étape Ca-no-
 []


Underfull \hbox (badness 10000) in paragraph at lines 995--996
[]|\T1/cmtt/m/n/12 fetch_issues.py\T1/cmr/m/n/12 ,
 []


Underfull \hbox (badness 10000) in paragraph at lines 995--996
\T1/cmtt/m/n/12 fetch_files.py\T1/cmr/m/n/12 ,
 []


Underfull \hbox (badness 10000) in paragraph at lines 996--997
[]|\T1/cmtt/m/n/12 clean_issues.py\T1/cmr/m/n/12 ,
 []


Underfull \hbox (badness 10000) in paragraph at lines 996--997
\T1/cmtt/m/n/12 clean_files.py \T1/cmr/m/n/12 (V1),
 []


Underfull \hbox (badness 10000) in paragraph at lines 996--997
\T1/cmtt/m/n/12 clean_files_v3.py \T1/cmr/m/n/12 (V3 par
 []


Underfull \hbox (badness 6268) in paragraph at lines 997--997
[]|\T1/cmr/m/n/12 Stage 3 (En-rich-
 []


Underfull \hbox (badness 2941) in paragraph at lines 997--998
\T1/cmr/m/n/12 ris-tiques NLP (layer, se-ve-rity,
 []


Overfull \hbox (14.48825pt too wide) in paragraph at lines 998--999
[]|\T1/cmtt/m/n/12 compute_issue_similarity_v2.py
 []


Underfull \hbox (badness 10000) in paragraph at lines 999--1000
[]|\T1/cmtt/m/n/12 docs_to_chunks_*_v2.py \T1/cmr/m/n/12 ---
 []


Underfull \hbox (badness 5908) in paragraph at lines 999--1000
\T1/cmr/m/n/12 va-li-da-tion lo-cale ; en pro-duc-
 []


Underfull \hbox (badness 3199) in paragraph at lines 999--1000
\T1/cmr/m/n/12 tion, dé-cou-page \T1/cmtt/m/n/12 PARENT_CHILD
 []


Underfull \hbox (badness 4819) in paragraph at lines 1000--1000
[]|\T1/cmr/m/n/12 Stage 6 (Eva-lua-
 []


Underfull \hbox (badness 10000) in paragraph at lines 1000--1001
[]|\T1/cmtt/m/n/12 validate_schemas.py\T1/cmr/m/n/12 ,
 []


Underfull \hbox (badness 10000) in paragraph at lines 1001--1002
[]|\T1/cmtt/m/n/12 export_st_ready_*.py \T1/cmr/m/n/12 --- 4
 []

ignored error: Infinite glue shrinkage found in box being split [35]
Underfull \hbox (badness 5563) in paragraph at lines 1019--1019
[]|\T1/cmr/bx/n/12 Valeur im-
 []


Overfull \hbox (2.95003pt too wide) in paragraph at lines 1021--1021
[]|\T1/cmtt/m/n/12 PARENT_CHILD| 
 []


Overfull \hbox (3.48534pt too wide) in paragraph at lines 1026--1026
[]|\T1/cmtt/m/n/12 embeddingsBatchSize| 
 []


Underfull \hbox (badness 3919) in paragraph at lines 1026--1027
[]|\T1/cmr/m/n/12 Nombre d'em-bed-dings cal-cu-lés
 []

ignored error: Infinite glue shrinkage found in box being split [36]
Underfull \hbox (badness 1888) in paragraph at lines 1041--1041
[]|\T1/cmr/m/n/12 Cible de re-cherche (mat-
 []


Underfull \hbox (badness 2521) in paragraph at lines 1043--1043
[]|\T1/cmr/m/n/12 Indexé (em-bed-
 []

[37]

LaTeX Warning: Reference `sec:evolution_incrementale' on page 38 undefined on i
nput line 1059.


LaTeX Warning: Reference `sec:def_similarity' on page 38 undefined on input lin
e 1100.

[38
pdfTeX warning (ext4): destination with the same identifier (name{figure.3.3}) 
has been already used, duplicate ignored
<argument> ...shipout:D \box_use:N \l_shipout_box 
                                                  \__shipout_drop_firstpage_...
l.1104 \textbf{Ce que le pipeline a dÃ» faire}
                                               :]

LaTeX Warning: Reference `sec:eval_stage2' on page 39 undefined on input line 1
113.


Overfull \hbox (11.46324pt too wide) in paragraph at lines 1113--1114
\T1/cmr/m/n/12 phase \T1/cmr/m/it/12 Mo-de-ling \T1/cmr/m/n/12 (com-pa-ti-bi-li
té sé-man-tique). \T1/cmr/bx/n/12 Lien éva-lua-tion \T1/cmr/m/n/12 : la den-sit
é in-for-ma-tion/chunk
 []

[39]

LaTeX Warning: Reference `sec:evolution_incrementale' on page 40 undefined on i
nput line 1136.


Underfull \hbox (badness 10000) in paragraph at lines 1143--1143
[]|\T1/cmr/bx/n/12 Paramètre
 []


Underfull \hbox (badness 3271) in paragraph at lines 1143--1143
[]|\T1/cmr/bx/n/12 Décision pi-pe-
 []


Underfull \hbox (badness 2343) in paragraph at lines 1143--1144
[]|\T1/cmr/bx/n/12 Valeur ajou-
 []


Underfull \hbox (badness 10000) in paragraph at lines 1145--1145
[]|\T1/cmtt/m/n/12 PARENT_CHILD
 []


Underfull \hbox (badness 7649) in paragraph at lines 1145--1145
\T1/cmr/m/n/12 contexte sur pa-
 []


Underfull \hbox (badness 10000) in paragraph at lines 1145--1145
[]|\T1/cmr/m/n/12 Unités auto-
 []


Underfull \hbox (badness 10000) in paragraph at lines 1145--1145
\T1/cmr/m/n/12 suffisantes,
 []


Underfull \hbox (badness 10000) in paragraph at lines 1145--1145
\T1/cmr/m/n/12 termes dis-cri-
 []


Underfull \hbox (badness 10000) in paragraph at lines 1145--1146
[]|\T1/cmr/m/n/12 Compatibilité
 []


Underfull \hbox (badness 10000) in paragraph at lines 1145--1146
\T1/cmr/m/it/12 small-to-big\T1/cmr/m/n/12 ,
 []


Underfull \hbox (badness 10000) in paragraph at lines 1146--1146
[]|\T1/cmr/m/n/12 Embeddings sen-
 []


Underfull \hbox (badness 10000) in paragraph at lines 1146--1146
[]|\T1/cmr/m/n/12 Nettoyage V3,
 []


Underfull \hbox (badness 10000) in paragraph at lines 1146--1146
\T1/cmr/m/n/12 den-sité sé-man-
 []


Underfull \hbox (badness 10000) in paragraph at lines 1146--1146
\T1/cmr/m/n/12 tique, Al-fred
 []


Underfull \hbox (badness 10000) in paragraph at lines 1146--1147
[]|\T1/cmr/m/n/12 Contenu
 []


Underfull \hbox (badness 10000) in paragraph at lines 1146--1147
\T1/cmr/m/n/12 embedding-
 []


Overfull \hbox (12.93459pt too wide) in paragraph at lines 1147--1147
[]|\T1/cmtt/m/n/12 jobBatchSize=60| 
 []


Underfull \hbox (badness 10000) in paragraph at lines 1147--1147
[]|\T1/cmr/m/n/12 Documents bor-
 []


Underfull \hbox (badness 10000) in paragraph at lines 1147--1147
\T1/cmr/m/n/12 nés, comptes
 []


Underfull \hbox (badness 10000) in paragraph at lines 1147--1148
[]|\T1/cmr/m/n/12 Indexation
 []


Overfull \hbox (56.14903pt too wide) in paragraph at lines 1148--1148
[]|\T1/cmtt/m/n/12 embeddingsBatchSize=20| 
 []


Underfull \hbox (badness 4181) in paragraph at lines 1148--1148
[]|\T1/cmr/m/n/12 Artefacts dé-cou-
 []


Underfull \hbox (badness 10000) in paragraph at lines 1161--1161
[]|\T1/cmr/bx/n/12 Preprocessing RAG
 []


Underfull \hbox (badness 10000) in paragraph at lines 1163--1163
[]|\T1/cmr/m/n/12 Générique (strip ba-
 []


Underfull \hbox (badness 10000) in paragraph at lines 1164--1165
[]|\T1/cmr/m/n/12 Heuristiques domain-
 []


Underfull \hbox (badness 10000) in paragraph at lines 1164--1165
\T1/cmr/m/n/12 specific (layer, com-
 []


Underfull \hbox (badness 10000) in paragraph at lines 1167--1168
[]|\T1/cmr/m/n/12 Chaîne
 []


Underfull \hbox (badness 10000) in paragraph at lines 1167--1168
\T1/cmr/m/n/12 Issue$\OMS/cmsy/m/n/12 !$\T1/cmr/m/n/12 PR$\OMS/cmsy/m/n/12 !$\T
1/cmr/m/n/12 Commit
 []


Underfull \hbox (badness 10000) in paragraph at lines 1168--1168
[]|\T1/cmr/m/n/12 Compatibilité chun-
 []


Underfull \hbox (badness 10000) in paragraph at lines 1168--1169
[]|\T1/cmr/m/n/12 Conçue pour
 []

[40]

LaTeX Warning: Reference `sec:evolution_incrementale' on page 41 undefined on i
nput line 1172.

[41]
Underfull \hbox (badness 10000) in paragraph at lines 1209--1209
[]|\T1/cmr/m/n/12 Architecture mo-du-
 []


Overfull \hbox (15.85031pt too wide) in paragraph at lines 1241--1242
 [][] 
 []

[42]
Overfull \hbox (12.36787pt too wide) in paragraph at lines 1258--1258
 [][]\T1/cmtt/m/n/8 raw_issues/files_*.json 
 []


Overfull \hbox (29.36372pt too wide) in paragraph at lines 1269--1269
 [][]\T1/cmtt/m/n/8 pdf_image_descriptions.json 
 []


Overfull \hbox (12.36787pt too wide) in paragraph at lines 1269--1269
 []\T1/cmtt/m/n/8 issues_with_images.json 
 []

[43
pdfTeX warning (ext4): destination with the same identifier (name{figure.3.4}) 
has been already used, duplicate ignored
<argument> ...shipout:D \box_use:N \l_shipout_box 
                                                  \__shipout_drop_firstpage_...
l.1290 \section{Flux Source-to-Answer}
                                      
pdfTeX warning (ext4): destination with the same identifier (name{figure.3.5}) 
has been already used, duplicate ignored
<argument> ...shipout:D \box_use:N \l_shipout_box 
                                                  \__shipout_drop_firstpage_...
l.1290 \section{Flux Source-to-Answer}
                                      ]
Overfull \hbox (55.379pt too wide) in paragraph at lines 1310--1311
 [][] 
 []

[44
pdfTeX warning (ext4): destination with the same identifier (name{figure.3.6}) 
has been already used, duplicate ignored
<argument> ...shipout:D \box_use:N \l_shipout_box 
                                                  \__shipout_drop_firstpage_...
l.1347 \chapter
               {RÃ©alisation et ImplÃ©mentation}
pdfTeX warning (ext4): destination with the same identifier (name{figure.3.7}) 
has been already used, duplicate ignored
<argument> ...shipout:D \box_use:N \l_shipout_box 
                                                  \__shipout_drop_firstpage_...
l.1347 \chapter
               {RÃ©alisation et ImplÃ©mentation}]
Chapitre 4.
[45

]
Overfull \hbox (0.2494pt too wide) in alignment at lines 1399--1405
 [] [] [] [] [] 
 []


Overfull \hbox (0.2494pt too wide) in alignment at lines 1405--1409
 [] [] [] [] [] 
 []


Underfull \hbox (badness 10000) in paragraph at lines 1410--1410
[]|\T1/cmtt/m/n/12 fetch_issues.py\T1/cmr/m/n/12 ,
 []


Underfull \hbox (badness 10000) in paragraph at lines 1410--1411
[]|\T1/cmr/m/n/12 Complétude
 []


Underfull \hbox (badness 5203) in paragraph at lines 1411--1411
[]|\T1/cmr/m/n/12 2. Clea-ning
 []


Overfull \hbox (2.51929pt too wide) in paragraph at lines 1411--1411
[]|\T1/cmtt/m/n/12 clean_files_v3.py| 
 []


Overfull \hbox (15.78004pt too wide) in paragraph at lines 1411--1411
[]|\T1/cmtt/m/n/12 clean_*_v3.json| 
 []


Underfull \hbox (badness 10000) in paragraph at lines 1411--1412
[]|\T1/cmr/m/n/12 CMSIS
 []


Underfull \hbox (badness 10000) in paragraph at lines 1411--1412
\OMS/cmsy/m/n/12 ^^@\OT1/cmr/m/n/12 96\OML/cmm/m/it/12 ; \OT1/cmr/m/n/12 4%$\T1
/cmr/m/n/12 ,
 []


Underfull \hbox (badness 4120) in paragraph at lines 1412--1412
[]|\T1/cmr/m/n/12 3. En-ri-chis-
 []


Overfull \hbox (21.03976pt too wide) in paragraph at lines 1412--1412
[]|\T1/cmtt/m/n/12 issues_to_docs_v2.py| 
 []


Overfull \hbox (9.60655pt too wide) in paragraph at lines 1412--1412
[]|\T1/cmtt/m/n/12 docs_*_v2.json| 
 []


Underfull \hbox (badness 5787) in paragraph at lines 1412--1413
[]|\T1/cmr/m/n/12 Layer 88,2%,
 []


Overfull \hbox (82.77469pt too wide) in paragraph at lines 1413--1413
[]|\T1/cmtt/m/n/12 compute_issue_similarity_v2.py| 
 []


Overfull \hbox (9.60655pt too wide) in paragraph at lines 1413--1413
[]|\T1/cmtt/m/n/12 docs_*_v2.json| 
 []


Overfull \hbox (15.78004pt too wide) in paragraph at lines 1413--1413
[]|\T1/cmtt/m/n/12 docs_*_sim.json| 
 []


Underfull \hbox (badness 10000) in paragraph at lines 1413--1414
[]|\T1/cmr/m/n/12 Couverture
 []


Underfull \hbox (badness 10000) in paragraph at lines 1413--1414
\T1/cmr/m/n/12 voi-sins 22%
 []


Overfull \hbox (33.38675pt too wide) in paragraph at lines 1414--1414
[]|\T1/cmtt/m/n/12 docs_to_chunks_*_v2.py| 
 []


Overfull \hbox (15.78004pt too wide) in paragraph at lines 1414--1414
[]|\T1/cmtt/m/n/12 docs_*_sim.json| 
 []


Overfull \hbox (3.43306pt too wide) in paragraph at lines 1414--1414
[]|\T1/cmtt/m/n/12 chunks_*.json| 
 []


Underfull \hbox (badness 10000) in paragraph at lines 1414--1415
[]|\T1/cmr/m/n/12 Cohérence
 []


Overfull \hbox (14.86627pt too wide) in paragraph at lines 1415--1415
[]|\T1/cmtt/m/n/12 validate_schemas.py| 
 []


Overfull \hbox (15.78004pt too wide) in paragraph at lines 1415--1415
[]|\T1/cmtt/m/n/12 st_ready_*.json| 
 []


Underfull \hbox (badness 10000) in paragraph at lines 1415--1416
[]|\T1/cmr/m/n/12 Conformité
 []


Overfull \hbox (21.03976pt too wide) in paragraph at lines 1416--1416
[]|\T1/cmtt/m/n/12 export_st_ready_*.py| 
 []


Overfull \hbox (15.78004pt too wide) in paragraph at lines 1416--1416
[]|\T1/cmtt/m/n/12 docs_*_sim.json| 
 []


Overfull \hbox (15.78004pt too wide) in paragraph at lines 1416--1416
[]|\T1/cmtt/m/n/12 st_ready_*.json| 
 []


Underfull \hbox (badness 1803) in paragraph at lines 1416--1417
[]|\T1/cmr/m/n/12 4 ar-te-facts /
 []


Overfull \hbox (0.2494pt too wide) in alignment at lines 1409--1418
 [] [] [] [] [] 
 []

ignored error: Infinite glue shrinkage found in box being split

Package fancyhdr Warning: \headheight is too small (14.5pt): 
(fancyhdr)                Make it at least 14.61858pt, for example:
(fancyhdr)                \setlength{\headheight}{14.61858pt}.
(fancyhdr)                You might also make \topmargin smaller:
(fancyhdr)                \addtolength{\topmargin}{-0.11858pt}.

[46
pdfTeX warning (ext4): destination with the same identifier (name{figure.4.1}) 
has been already used, duplicate ignored
<argument> ...shipout:D \box_use:N \l_shipout_box 
                                                  \__shipout_drop_firstpage_...
l.1418 \end{longtable}
                      ]
Overfull \hbox (34.632pt too wide) in paragraph at lines 1432--1433
[]\T1/cmtt/m/n/12 fetch_commits.py \T1/cmr/m/n/12 : ré-cu-père l'his-to-rique d
es com-mits pour le lin-king Issue$\OMS/cmsy/m/n/12 !$\T1/cmr/m/n/12 PR$\OMS/cm
sy/m/n/12 !$\T1/cmr/m/n/12 Commit 
 []

Package hyperref Info: bookmark level for unknown lstlisting defaults to 0 on i
nput line 1442.

Package fancyhdr Warning: \headheight is too small (14.5pt): 
(fancyhdr)                Make it at least 14.61858pt, for example:
(fancyhdr)                \setlength{\headheight}{14.61858pt}.
(fancyhdr)                You might also make \topmargin smaller:
(fancyhdr)                \addtolength{\topmargin}{-0.11858pt}.

[47]
Overfull \hbox (10.88838pt too wide) in paragraph at lines 1475--1475
 [][]\T1/cmtt/m/n/8 issue_pr_commit_links.json 
 []


Package fancyhdr Warning: \headheight is too small (14.5pt): 
(fancyhdr)                Make it at least 14.61858pt, for example:
(fancyhdr)                \setlength{\headheight}{14.61858pt}.
(fancyhdr)                You might also make \topmargin smaller:
(fancyhdr)                \addtolength{\topmargin}{-0.11858pt}.

[48
pdfTeX warning (ext4): destination with the same identifier (name{figure.4.2}) 
has been already used, duplicate ignored
<argument> ...shipout:D \box_use:N \l_shipout_box 
                                                  \__shipout_drop_firstpage_...
l.1509 ...es\_stm32cubeh7.json (issue nettoyÃ©e)}]
                                                  ]

Package fancyhdr Warning: \headheight is too small (14.5pt): 
(fancyhdr)                Make it at least 14.61858pt, for example:
(fancyhdr)                \setlength{\headheight}{14.61858pt}.
(fancyhdr)                You might also make \topmargin smaller:
(fancyhdr)                \addtolength{\topmargin}{-0.11858pt}.

[49]
Underfull \hbox (badness 10000) in paragraph at lines 1566--1567
[]|\T1/cmr/m/n/12 Suppression ba-lises HTML,
 []


Underfull \hbox (badness 7326) in paragraph at lines 1567--1568
[]|\T1/cmr/m/n/12 Suppression badges CI, liens
 []


Overfull \hbox (17.71172pt too wide) in paragraph at lines 1568--1568
[]|\T1/cmtt/m/n/12 clean_source_code()| 
 []


Underfull \hbox (badness 1552) in paragraph at lines 1568--1569
\T1/cmr/m/n/12 right), conser-va-tion code tech-
 []


Overfull \hbox (73.27315pt too wide) in paragraph at lines 1569--1569
[]|\T1/cmtt/m/n/12 filter_cmsis_device_header()| 
 []


Underfull \hbox (badness 10000) in paragraph at lines 1569--1570
[]|\T1/cmr/m/n/12 Filtrage in-tel-li-gent (voir ci-
 []

ignored error: Infinite glue shrinkage found in box being split

Package fancyhdr Warning: \headheight is too small (14.5pt): 
(fancyhdr)                Make it at least 14.61858pt, for example:
(fancyhdr)                \setlength{\headheight}{14.61858pt}.
(fancyhdr)                You might also make \topmargin smaller:
(fancyhdr)                \addtolength{\topmargin}{-0.11858pt}.

[50]

Package fancyhdr Warning: \headheight is too small (14.5pt): 
(fancyhdr)                Make it at least 14.61858pt, for example:
(fancyhdr)                \setlength{\headheight}{14.61858pt}.
(fancyhdr)                You might also make \topmargin smaller:
(fancyhdr)                \addtolength{\topmargin}{-0.11858pt}.

[51]

Package fancyhdr Warning: \headheight is too small (14.5pt): 
(fancyhdr)                Make it at least 14.61858pt, for example:
(fancyhdr)                \setlength{\headheight}{14.61858pt}.
(fancyhdr)                You might also make \topmargin smaller:
(fancyhdr)                \addtolength{\topmargin}{-0.11858pt}.

[52
pdfTeX warning (ext4): destination with the same identifier (name{figure.4.3}) 
has been already used, duplicate ignored
<argument> ...shipout:D \box_use:N \l_shipout_box 
                                                  \__shipout_drop_firstpage_...
l.1615   \item \textbf
                      {Ã‰numÃ©ration IRQ} : liste des vecteurs d'interruptio...
]
ignored error: Infinite glue shrinkage found in box being split

Package fancyhdr Warning: \headheight is too small (14.5pt): 
(fancyhdr)                Make it at least 14.61858pt, for example:
(fancyhdr)                \setlength{\headheight}{14.61858pt}.
(fancyhdr)                You might also make \topmargin smaller:
(fancyhdr)                \addtolength{\topmargin}{-0.11858pt}.

[53]
Overfull \hbox (12.60246pt too wide) in paragraph at lines 1661--1662
[]\T1/cmr/m/n/12 Fichiers d'en-trée : \T1/cmtt/m/n/12 clean_files_<repo>.json \
T1/cmr/m/n/12 (V1) ou \T1/cmtt/m/n/12 clean_files_<repo>_v3.json
 []


Overfull \hbox (1.4305pt too wide) in paragraph at lines 1672--1674
[]\T1/cmr/m/n/12 Le mo-dule \T1/cmtt/m/n/12 stm32cube_preprocessing_heuristics.
py \T1/cmr/m/n/12 ap-plique des règles ba-sées sur : 
 []


Package fancyhdr Warning: \headheight is too small (14.5pt): 
(fancyhdr)                Make it at least 14.61858pt, for example:
(fancyhdr)                \setlength{\headheight}{14.61858pt}.
(fancyhdr)                You might also make \topmargin smaller:
(fancyhdr)                \addtolength{\topmargin}{-0.11858pt}.

[54]
Package pgfplots info on input line 1713: Using 'lua backend=false' for axis: x
 coord trafo unsupported.


LaTeX Warning: Reference `chap:resultats_evaluation' on page 55 undefined on in
put line 1721.


Package fancyhdr Warning: \headheight is too small (14.5pt): 
(fancyhdr)                Make it at least 14.61858pt, for example:
(fancyhdr)                \setlength{\headheight}{14.61858pt}.
(fancyhdr)                You might also make \topmargin smaller:
(fancyhdr)                \addtolength{\topmargin}{-0.11858pt}.

[55
pdfTeX warning (ext4): destination with the same identifier (name{figure.4.4}) 
has been already used, duplicate ignored
<argument> ...shipout:D \box_use:N \l_shipout_box 
                                                  \__shipout_drop_firstpage_...
l.1740   \end{equation}
                       ]
Overfull \hbox (0.71904pt too wide) in paragraph at lines 1767--1767
 [][]\T1/cmr/bx/n/8 clean_issues_*.json 
 []


Overfull \hbox (5.9772pt too wide) in paragraph at lines 1775--1775
 [][]\T1/cmr/bx/n/8 docs_*_v2_sim.json 
 []


Package fancyhdr Warning: \headheight is too small (14.5pt): 
(fancyhdr)                Make it at least 14.61858pt, for example:
(fancyhdr)                \setlength{\headheight}{14.61858pt}.
(fancyhdr)                You might also make \topmargin smaller:
(fancyhdr)                \addtolength{\topmargin}{-0.11858pt}.

[56]

Package fancyhdr Warning: \headheight is too small (14.5pt): 
(fancyhdr)                Make it at least 14.61858pt, for example:
(fancyhdr)                \setlength{\headheight}{14.61858pt}.
(fancyhdr)                You might also make \topmargin smaller:
(fancyhdr)                \addtolength{\topmargin}{-0.11858pt}.

[57
pdfTeX warning (ext4): destination with the same identifier (name{figure.4.5}) 
has been already used, duplicate ignored
<argument> ...shipout:D \box_use:N \l_shipout_box 
                                                  \__shipout_drop_firstpage_...
l.1811 
       ]
Overfull \hbox (34.12286pt too wide) in paragraph at lines 1815--1816
[]\T1/cmr/m/n/12 Identification de la chaîne Is-sue $\OMS/cmsy/m/n/12 !$ \T1/cm
r/m/n/12 PR $\OMS/cmsy/m/n/12 !$ \T1/cmr/m/n/12 Com-mits via \T1/cmtt/m/n/12 fe
tch_issue_pr_commit_links.py 
 []


Package fancyhdr Warning: \headheight is too small (14.5pt): 
(fancyhdr)                Make it at least 14.61858pt, for example:
(fancyhdr)                \setlength{\headheight}{14.61858pt}.
(fancyhdr)                You might also make \topmargin smaller:
(fancyhdr)                \addtolength{\topmargin}{-0.11858pt}.

[58]

Package fancyhdr Warning: \headheight is too small (14.5pt): 
(fancyhdr)                Make it at least 14.61858pt, for example:
(fancyhdr)                \setlength{\headheight}{14.61858pt}.
(fancyhdr)                You might also make \topmargin smaller:
(fancyhdr)                \addtolength{\topmargin}{-0.11858pt}.

[59]

Package fancyhdr Warning: \headheight is too small (14.5pt): 
(fancyhdr)                Make it at least 14.61858pt, for example:
(fancyhdr)                \setlength{\headheight}{14.61858pt}.
(fancyhdr)                You might also make \topmargin smaller:
(fancyhdr)                \addtolength{\topmargin}{-0.11858pt}.

[60
pdfTeX warning (ext4): destination with the same identifier (name{figure.4.6}) 
has been already used, duplicate ignored
<argument> ...shipout:D \box_use:N \l_shipout_box 
                                                  \__shipout_drop_firstpage_...
l.1937   \item A
                lfred Vision tÃ©lÃ©charge chaque image et produit une descri...

pdfTeX warning (ext4): destination with the same identifier (name{figure.4.7}) 
has been already used, duplicate ignored
<argument> ...shipout:D \box_use:N \l_shipout_box 
                                                  \__shipout_drop_firstpage_...
l.1937   \item A
                lfred Vision tÃ©lÃ©charge chaque image et produit une descri...
]
Overfull \hbox (11.6277pt too wide) in paragraph at lines 1943--1944
[]\T1/cmr/bx/n/12 Fix ap-pli-qué \T1/cmr/m/n/12 : La fonc-tion \T1/cmtt/m/n/12 
first_sentence() \T1/cmr/m/n/12 sup-prime les mar-kers \T1/cmtt/m/n/12 [IMAGE A
TTACHED]
 []

Package pgfplots info on input line 1987: Using 'lua backend=false' for axis: x
 coord trafo unsupported.

Package fancyhdr Warning: \headheight is too small (14.5pt): 
(fancyhdr)                Make it at least 14.61858pt, for example:
(fancyhdr)                \setlength{\headheight}{14.61858pt}.
(fancyhdr)                You might also make \topmargin smaller:
(fancyhdr)                \addtolength{\topmargin}{-0.11858pt}.

[61
pdfTeX warning (ext4): destination with the same identifier (name{figure.4.8}) 
has been already used, duplicate ignored
<argument> ...shipout:D \box_use:N \l_shipout_box 
                                                  \__shipout_drop_firstpage_...
l.1996 
       
pdfTeX warning (ext4): destination with the same identifier (name{figure.4.9}) 
has been already used, duplicate ignored
<argument> ...shipout:D \box_use:N \l_shipout_box 
                                                  \__shipout_drop_firstpage_...
l.1996 
       ]
Overfull \hbox (89.82762pt too wide) in paragraph at lines 2021--2022
 [][] 
 []


Underfull \hbox (badness 10000) in paragraph at lines 2040--2041
[]|\T1/cmr/m/n/12 ST-GitHub-Analyzer-Unstructured (Hy-brid
 []


Underfull \hbox (badness 2662) in paragraph at lines 2041--2042
[]|\T1/cmr/m/n/12 NovaX (STM32 Bug-zilla + ST-Com-mu-nity
 []


Package fancyhdr Warning: \headheight is too small (14.5pt): 
(fancyhdr)                Make it at least 14.61858pt, for example:
(fancyhdr)                \setlength{\headheight}{14.61858pt}.
(fancyhdr)                You might also make \topmargin smaller:
(fancyhdr)                \addtolength{\topmargin}{-0.11858pt}.

[62
pdfTeX warning (ext4): destination with the same identifier (name{figure.4.10})
 has been already used, duplicate ignored
<argument> ...shipout:D \box_use:N \l_shipout_box 
                                                  \__shipout_drop_firstpage_...
l.2046 \end{longtable}
                      ]

Package fancyhdr Warning: \headheight is too small (14.5pt): 
(fancyhdr)                Make it at least 14.61858pt, for example:
(fancyhdr)                \setlength{\headheight}{14.61858pt}.
(fancyhdr)                You might also make \topmargin smaller:
(fancyhdr)                \addtolength{\topmargin}{-0.11858pt}.

[63]

LaTeX Warning: Reference `fig:synthese_impl' on page 64 undefined on input line
 2109.


Package fancyhdr Warning: \headheight is too small (14.5pt): 
(fancyhdr)                Make it at least 14.61858pt, for example:
(fancyhdr)                \setlength{\headheight}{14.61858pt}.
(fancyhdr)                You might also make \topmargin smaller:
(fancyhdr)                \addtolength{\topmargin}{-0.11858pt}.

[64]
Overfull \hbox (4.18526pt too wide) in paragraph at lines 2136--2137
[]\T1/cmr/m/n/12 un \T1/cmr/bx/n/12 en-ri-chis-se-ment heu-ris-tique \T1/cmr/m/
n/12 cou-vrant 88,2% des \T1/cmtt/m/n/12 layer \T1/cmr/m/n/12 et 72,6% des \T1/
cmtt/m/n/12 component\T1/cmr/m/n/12 ,
 []


LaTeX Warning: Reference `chap:resultats_evaluation' on page 65 undefined on in
put line 2142.

(chapter_configuration.tex
Underfull \hbox (badness 10000) in paragraph at lines 29--30
[]|\T1/cmr/bx/n/12 Alternatives tes-
 []


Underfull \hbox (badness 3439) in paragraph at lines 32--33
[]|\T1/cmr/m/n/12 Semantic seul, Full-
 []


Package fancyhdr Warning: \headheight is too small (14.5pt): 
(fancyhdr)                Make it at least 14.61858pt, for example:
(fancyhdr)                \setlength{\headheight}{14.61858pt}.
(fancyhdr)                You might also make \topmargin smaller:
(fancyhdr)                \addtolength{\topmargin}{-0.11858pt}.

[65
pdfTeX warning (ext4): destination with the same identifier (name{figure.4.11})
 has been already used, duplicate ignored
<argument> ...shipout:D \box_use:N \l_shipout_box 
                                                  \__shipout_drop_firstpage_...
l.39 \end{longtable}
                    ]
Underfull \hbox (badness 2351) in paragraph at lines 51--51
[]|\T1/cmr/m/n/12 Comprend le sens (``mon
 []


Underfull \hbox (badness 2310) in paragraph at lines 52--53
\T1/cmr/m/n/12 reur Ether-net'' vs ``LwIP
 []


Package fancyhdr Warning: \headheight is too small (14.5pt): 
(fancyhdr)                Make it at least 14.61858pt, for example:
(fancyhdr)                \setlength{\headheight}{14.61858pt}.
(fancyhdr)                You might also make \topmargin smaller:
(fancyhdr)                \addtolength{\topmargin}{-0.11858pt}.

[66]
Underfull \hbox (badness 10000) in paragraph at lines 70--71
[]|\T1/cmr/m/n/12 Équilibre pré-ci-
 []


Underfull \hbox (badness 10000) in paragraph at lines 71--71
[]|\T1/cmr/bx/n/12 S1 Re-
 []


Underfull \hbox (badness 4819) in paragraph at lines 71--72
[]|\T1/cmr/m/n/12 Meilleur score ; capte
 []


Underfull \hbox (badness 10000) in paragraph at lines 72--72
[]|\T1/cmr/m/n/12 S2 Pre-ci-
 []


Underfull \hbox (badness 3260) in paragraph at lines 72--73
[]|\T1/cmr/m/n/12 Moins de bruit mais
 []


Underfull \hbox (badness 10000) in paragraph at lines 73--73
[]|\T1/cmr/m/n/12 S3
 []


Underfull \hbox (badness 10000) in paragraph at lines 73--73
\T1/cmr/m/n/12 Semantic-
 []


Underfull \hbox (badness 10000) in paragraph at lines 73--74
[]|\T1/cmr/m/n/12 Trop peu d'an-crage
 []


Underfull \hbox (badness 10000) in paragraph at lines 74--74
[]|\T1/cmr/m/n/12 S4
 []


Underfull \hbox (badness 10000) in paragraph at lines 74--74
\T1/cmr/m/n/12 Fulltext-
 []


Underfull \hbox (badness 10000) in paragraph at lines 74--75
[]|\T1/cmr/m/n/12 Trop dé-pen-dant des
 []


Underfull \hbox (badness 10000) in paragraph at lines 75--75
[]|\T1/cmr/m/n/12 S5
 []


Underfull \hbox (badness 10000) in paragraph at lines 75--75
\T1/cmr/m/n/12 Semantic-
 []


Underfull \hbox (badness 10000) in paragraph at lines 76--76
[]|\T1/cmr/m/n/12 S6
 []


Underfull \hbox (badness 10000) in paragraph at lines 76--76
\T1/cmr/m/n/12 Fulltext-
 []


Overfull \hbox (21.95464pt too wide) in alignment at lines 66--78
 [] [] [] [] [] [] [] 
 []


Package fancyhdr Warning: \headheight is too small (14.5pt): 
(fancyhdr)                Make it at least 14.61858pt, for example:
(fancyhdr)                \setlength{\headheight}{14.61858pt}.
(fancyhdr)                You might also make \topmargin smaller:
(fancyhdr)                \addtolength{\topmargin}{-0.11858pt}.

[67]
Package pgfplots info on input line 96: Using 'lua backend=false' for axis: x c
oord trafo unsupported.


Package fancyhdr Warning: \headheight is too small (14.5pt): 
(fancyhdr)                Make it at least 14.61858pt, for example:
(fancyhdr)                \setlength{\headheight}{14.61858pt}.
(fancyhdr)                You might also make \topmargin smaller:
(fancyhdr)                \addtolength{\topmargin}{-0.11858pt}.

[68
pdfTeX warning (ext4): destination with the same identifier (name{figure.4.12})
 has been already used, duplicate ignored
<argument> ...shipout:D \box_use:N \l_shipout_box 
                                                  \__shipout_drop_firstpage_...
l.123   \item \textbf
                     {Semantic} : transforme la requÃªte en vecteur (embeddi...
]

LaTeX Warning: Reference `fig:hybrid_search' on page 69 undefined on input line
 130.


Overfull \hbox (30.3825pt too wide) in paragraph at lines 151--152
 [][] 
 []


Overfull \hbox (22.22473pt too wide) in paragraph at lines 161--162
[]\T1/cmtt/m/n/10.95 Retrieve technical knowledge about STM32Cube microcontroll
er firmware from
 []


Overfull \hbox (5.24962pt too wide) in paragraph at lines 161--162
\T1/cmtt/m/n/10.95 GitHub repositories. Contains: resolved issues with root cau
se and fix,
 []


Overfull \hbox (61.83333pt too wide) in paragraph at lines 161--162
\T1/cmtt/m/n/10.95 HAL/BSP source file documentation, resolver cases (step-by-s
tep troubleshooting),
 []


Overfull \hbox (16.56636pt too wide) in paragraph at lines 161--162
\T1/cmtt/m/n/10.95 and diagnostic cards (structured fault analysis). Covers ser
ies: STM32F4,
 []


Overfull \hbox (22.22473pt too wide) in paragraph at lines 161--162
\T1/cmtt/m/n/10.95 STM32H5, STM32H7, STM32U5, STM32WL and their driver sub-repo
s (HAL, CMSIS,
 []


Overfull \hbox (10.90799pt too wide) in paragraph at lines 161--162
\T1/cmtt/m/n/10.95 BSP). Query this tool when the user asks about: peripheral c
onfiguration
 []


Overfull \hbox (44.85822pt too wide) in paragraph at lines 161--162
\T1/cmtt/m/n/10.95 problems, HAL API behavior, known bugs and workarounds, boar
d-specific issues,
 []


Overfull \hbox (67.4917pt too wide) in paragraph at lines 161--162
\T1/cmtt/m/n/10.95 firmware package contents, low-power modes, communication pr
otocols, DMA/interrupt
 []


Overfull \hbox (33.54147pt too wide) in paragraph at lines 161--162
\T1/cmtt/m/n/10.95 issues, or build errors. Use specific technical terms in que
ries: peripheral
 []


Overfull \hbox (33.54147pt too wide) in paragraph at lines 161--162
\T1/cmtt/m/n/10.95 names (SPI, I2C, UART, FDCAN, OSPI), HAL function names, err
or descriptions,
 []


Package fancyhdr Warning: \headheight is too small (14.5pt): 
(fancyhdr)                Make it at least 14.61858pt, for example:
(fancyhdr)                \setlength{\headheight}{14.61858pt}.
(fancyhdr)                You might also make \topmargin smaller:
(fancyhdr)                \addtolength{\topmargin}{-0.11858pt}.

[69
pdfTeX warning (ext4): destination with the same identifier (name{figure.4.13})
 has been already used, duplicate ignored
<argument> ...shipout:D \box_use:N \l_shipout_box 
                                                  \__shipout_drop_firstpage_...
l.162 \end{quote}
                 ]

Package fancyhdr Warning: \headheight is too small (14.5pt): 
(fancyhdr)                Make it at least 14.61858pt, for example:
(fancyhdr)                \setlength{\headheight}{14.61858pt}.
(fancyhdr)                You might also make \topmargin smaller:
(fancyhdr)                \addtolength{\topmargin}{-0.11858pt}.

[70]
Overfull \hbox (22.03058pt too wide) in paragraph at lines 212--213
[]\T1/cmr/bx/n/12 Identité \T1/cmr/m/n/12 : ``You are ST Gi-tHub Ana-ly-zer, a 
tech-ni-cal as-sis-tant spe-cia-li-zed in STM32Cube
 []


Package fancyhdr Warning: \headheight is too small (14.5pt): 
(fancyhdr)                Make it at least 14.61858pt, for example:
(fancyhdr)                \setlength{\headheight}{14.61858pt}.
(fancyhdr)                You might also make \topmargin smaller:
(fancyhdr)                \addtolength{\topmargin}{-0.11858pt}.

[71]
Underfull \hbox (badness 4556) in paragraph at lines 239--240
[]|\T1/cmr/m/n/12 Multi-séries first
 []


Underfull \hbox (badness 10000) in paragraph at lines 240--240
[]|\T1/cmr/m/n/12 Multi-séries
 []


Underfull \hbox (badness 6526) in paragraph at lines 241--242
[]|\T1/cmr/m/n/12 KB multi-séries,
 []


Underfull \hbox (badness 3735) in paragraph at lines 244--245
[]|\T1/cmr/m/n/12 Plus de sé-man-
 []


Underfull \hbox (badness 3118) in paragraph at lines 244--245
\T1/cmr/m/n/12 tique, moins de
 []


Underfull \hbox (badness 10000) in paragraph at lines 246--247
[]|\T1/cmr/m/n/12 Ablation sans
 []

ignored error: Infinite glue shrinkage found in box being split

Package fancyhdr Warning: \headheight is too small (14.5pt): 
(fancyhdr)                Make it at least 14.61858pt, for example:
(fancyhdr)                \setlength{\headheight}{14.61858pt}.
(fancyhdr)                You might also make \topmargin smaller:
(fancyhdr)                \addtolength{\topmargin}{-0.11858pt}.

[72]

LaTeX Warning: Reference `fig:qi_config_evolution' on page 73 undefined on inpu
t line 251.


LaTeX Warning: Reference `fig:kb_strategy_qi' on page 73 undefined on input lin
e 251.

Package pgfplots info on input line 269: Using 'lua backend=false' for axis: x 
coord trafo unsupported.

Package fancyhdr Warning: \headheight is too small (14.5pt): 
(fancyhdr)                Make it at least 14.61858pt, for example:
(fancyhdr)                \setlength{\headheight}{14.61858pt}.
(fancyhdr)                You might also make \topmargin smaller:
(fancyhdr)                \addtolength{\topmargin}{-0.11858pt}.

[73
pdfTeX warning (ext4): destination with the same identifier (name{figure.4.14})
 has been already used, duplicate ignored
<argument> ...shipout:D \box_use:N \l_shipout_box 
                                                  \__shipout_drop_firstpage_...
l.294 
      ]
Overfull \hbox (25.86032pt too wide) in paragraph at lines 303--304
[]\T1/cmr/m/n/12 Issue #42 \TS1/cmr/m/n/12 ^^Y \T1/cmr/m/n/12 PR #87 \TS1/cmr/m
/n/12 ^^Y \T1/cmr/m/n/12 Com-mit abc123 \TS1/cmr/m/n/12 ^^Y \T1/cmr/m/n/12 Fi-c
hier mo-di-fié : \T1/cmtt/m/n/12 stm32f4xx_hal_spi.c 
 []


Underfull \hbox (badness 6944) in paragraph at lines 324--324
[]|\T1/cmr/m/n/12 Forcer la re-cherche KB
 []


Underfull \hbox (badness 7925) in paragraph at lines 326--326
[]|\T1/cmr/m/n/12 Structurer les pro-blèmes
 []


Underfull \hbox (badness 2521) in paragraph at lines 327--327
[]|\T1/cmr/m/n/12 Ajouter la tra-ça-bi-lité Is-
 []


Underfull \hbox (badness 2582) in paragraph at lines 328--328
[]|\T1/cmr/m/n/12 Empêcher le court-circuit
 []


Underfull \hbox (badness 10000) in paragraph at lines 328--329
[]|\T1/cmr/m/n/12 Protège le rou-tage
 []


Underfull \hbox (badness 5771) in paragraph at lines 330--330
[]|\T1/cmr/m/n/12 Rendre les fi-gures PDF
 []

ignored error: Infinite glue shrinkage found in box being split

Package fancyhdr Warning: \headheight is too small (14.5pt): 
(fancyhdr)                Make it at least 14.61858pt, for example:
(fancyhdr)                \setlength{\headheight}{14.61858pt}.
(fancyhdr)                You might also make \topmargin smaller:
(fancyhdr)                \addtolength{\topmargin}{-0.11858pt}.

[74]

LaTeX Warning: File `06_cicd_automation.png' not found on input line 341.


! Package pdftex.def Error: File `06_cicd_automation.png' not found: using draf
t setting.

See the pdftex.def package documentation for explanation.
Type  H <return>  for immediate help.
 ...                                              
                                                  
l.341 ...h=0.95\textwidth]{06_cicd_automation.png}
                                                  
Try typing  <return>  to proceed.
If that doesn't work, type  X <return>  to quit.

 
Here is how much of TeX's memory you used:
 38974 strings out of 467871
 874541 string characters out of 5416925
 1547736 words of memory out of 5000000
 66840 multiletter control sequences out of 15000+600000
 656255 words of font info for 112 fonts, out of 8000000 for 9000
 1141 hyphenation exceptions out of 8191
 84i,12n,94p,984b,2323s stack positions out of 10000i,1000n,20000p,200000b,200000s
!  ==> Fatal error occurred, no output PDF file produced!
